scenario,D_m2_per_s,D_scaled,delta_chi2,chi2_cutoff95
flat,1e-16,1e-07,1.6332998651964963,3.841458820694124
flat,1.0256779307444209e-16,1.0256779307444209e-07,1.6332998534354572,3.841458820694124
flat,1.0520152176161591e-16,1.0520152176161591e-07,1.633299841372433,3.841458820694124
flat,1.0790287915161837e-16,1.0790287915161836e-07,1.6332998289996392,3.841458820694124
flat,1.1067360180959745e-16,1.1067360180959745e-07,1.6332998163090962,3.841458820694124
flat,1.135154708920999e-16,1.135154708920999e-07,1.633299803292772,3.841458820694124
flat,1.1643031329208756e-16,1.1643031329208756e-07,1.6332997899422403,3.841458820694124
flat,1.1942000281335325e-16,1.1942000281335325e-07,1.633299776248845,3.841458820694124
flat,1.2248646137509307e-16,1.2248646137509306e-07,1.6332997622037735,3.841458820694124
flat,1.2563166024741215e-16,1.2563166024741214e-07,1.633299747798222,3.841458820694124
flat,1.288576213185518e-16,1.288576213185518e-07,1.6332997330224373,3.841458820694124
flat,1.321664183946604e-16,1.321664183946604e-07,1.6332997178675548,3.841458820694124
flat,1.355601785329369e-16,1.355601785329369e-07,1.6332997023233742,3.841458820694124
flat,1.3904108340900697e-16,1.3904108340900698e-07,1.6332996863801552,3.841458820694124
flat,1.4261137071941298e-16,1.4261137071941298e-07,1.6332996700274809,3.841458820694124
flat,1.4627333562011298e-16,1.4627333562011298e-07,1.6332996532548385,3.841458820694124
flat,1.500293322019217e-16,1.5002933220192168e-07,1.6332996360516898,3.841458820694124
flat,1.5388177500383463e-16,1.5388177500383463e-07,1.633299618406664,3.841458820694124
flat,1.5783314056521166e-16,1.5783314056521165e-07,1.6332996003086322,3.841458820694124
flat,1.6188596901781994e-16,1.6188596901781992e-07,1.6332995817456857,3.841458820694124
flat,1.6604286571875297e-16,1.6604286571875297e-07,1.633299562706315,3.841458820694124
flat,1.7030650292528427e-16,1.7030650292528427e-07,1.6332995431778954,3.841458820694124
flat,1.7467962151272458e-16,1.7467962151272458e-07,1.63329952314821,3.841458820694124
flat,1.7916503273638995e-16,1.7916503273638994e-07,1.6332995026040447,3.841458820694124
flat,1.8376562003881726e-16,1.8376562003881725e-07,1.6332994815323065,3.841458820694124
flat,1.8848434090337954e-16,1.8848434090337954e-07,1.6332994599196513,3.841458820694124
flat,1.9332422875550433e-16,1.933242287555043e-07,1.6332994377518628,3.841458820694124
flat,1.9828839491270715e-16,1.9828839491270713e-07,1.6332994150150286,3.841458820694124
flat,2.03380030584698e-16,2.03380030584698e-07,1.633299391694252,3.841458820694124
flat,2.0860240892485051e-16,2.086024089248505e-07,1.633299367774653,3.841458820694124
flat,2.1395888713434217e-16,2.1395888713434216e-07,1.633299343240871,3.841458820694124
flat,2.194529086203316e-16,2.1945290862033158e-07,1.6332993180770936,3.841458820694124
flat,2.250880052095462e-16,2.2508800520954619e-07,1.6332992922672835,3.841458820694124
flat,2.3086779941871674e-16,2.3086779941871675e-07,1.633299265794471,3.841458820694124
flat,2.367960067833079e-16,2.3679600678330787e-07,1.6332992386421323,3.841458820694124
flat,2.4287643824604505e-16,2.4287643824604503e-07,1.6332992107925564,3.841458820694124
flat,2.4911300260677915e-16,2.491130026067791e-07,1.6332991822277236,3.841458820694124
flat,2.555097090352507e-16,2.555097090352507e-07,1.6332991529294845,3.841458820694124
flat,2.62070669648385e-16,2.62070669648385e-07,1.6332991228788958,3.841458820694124
flat,2.6880010215376075e-16,2.6880010215376075e-07,1.6332990920567063,3.841458820694124
flat,2.757023325609583e-16,2.7570233256095827e-07,1.6332990604429842,3.841458820694124
flat,2.8278179796253445e-16,2.827817979625344e-07,1.6332990280175894,3.841458820694124
flat,2.9004304938639916e-16,2.9004304938639914e-07,1.6332989947594927,3.841458820694124
flat,2.9749075472144374e-16,2.974907547214437e-07,1.6332989606475778,3.841458820694124
flat,3.051297017182871e-16,3.0512970171828707e-07,1.6332989256594328,3.841458820694124
flat,3.12964801067075e-16,3.12964801067075e-07,1.6332988897730347,3.841458820694124
flat,3.210010895543175e-16,3.210010895543175e-07,1.6332988529651342,3.841458820694124
flat,3.292437333007769e-16,3.292437333007769e-07,1.6332988152122518,3.841458820694124
flat,3.376980310825088e-16,3.376980310825088e-07,1.6332987764897977,3.841458820694124
flat,3.4636941773717345e-16,3.463694177371734e-07,1.6332987367730003,3.841458820694124
flat,3.5526346765781394e-16,3.5526346765781394e-07,1.633298696036415,3.841458820694124
flat,3.6438589837635484e-16,3.6438589837635484e-07,1.6332986542537224,3.841458820694124
flat,3.7374257423910645e-16,3.737425742391064e-07,1.6332986113982289,3.841458820694124
flat,3.8333951017665975e-16,3.8333951017665975e-07,1.6332985674423006,3.841458820694124
flat,3.9318287557057706e-16,3.9318287557057704e-07,1.633298522357553,3.841458820694124
flat,4.0327899821937054e-16,4.0327899821937054e-07,1.6332984761152896,3.841458820694124
flat,4.136343684063278e-16,4.136343684063278e-07,1.6332984286855297,3.841458820694124
flat,4.2425564307177773e-16,4.242556430717777e-07,1.633298380037864,3.841458820694124
flat,4.3514965009250547e-16,4.3514965009250545e-07,1.6332983301410324,3.841458820694124
flat,4.463233926710397e-16,4.4632339267103974e-07,1.6332982789630297,3.841458820694124
flat,4.577840538376617e-16,4.5778405383766164e-07,1.6332982264707396,3.841458820694124
flat,4.695390010680064e-16,4.695390010680063e-07,1.6332981726307083,3.841458820694124
flat,4.815957910192352e-16,4.815957910192351e-07,1.6332981174080676,3.841458820694124
flat,4.939621743878326e-16,4.939621743878326e-07,1.6332980607674292,3.841458820694124
flat,5.066461008921269e-16,5.066461008921269e-07,1.6332980026723554,3.841458820694124
flat,5.196557243827658e-16,5.196557243827657e-07,1.6332979430856447,3.841458820694124
flat,5.329994080844094e-16,5.329994080844094e-07,1.6332978819688084,3.841458820694124
flat,5.466857299720181e-16,5.466857299720181e-07,1.6332978192826326,3.841458820694124
flat,5.607234882852039e-16,5.607234882852039e-07,1.633297754986612,3.841458820694124
flat,5.751217071841613e-16,5.751217071841613e-07,1.6332976890399107,3.841458820694124
flat,5.898896425508494e-16,5.898896425508493e-07,1.6332976213997463,3.841458820694124
flat,6.050367879391224e-16,6.050367879391224e-07,1.6332975520226685,3.841458820694124
flat,6.205728806776502e-16,6.205728806776501e-07,1.6332974808641771,3.841458820694124
flat,6.365079081295578e-16,6.365079081295578e-07,1.6332974078785014,3.841458820694124
flat,6.528521141127848e-16,6.528521141127847e-07,1.6332973330186653,3.841458820694124
flat,6.696160054853216e-16,6.696160054853216e-07,1.6332972562365256,3.841458820694124
flat,6.868103588995307e-16,6.868103588995307e-07,1.6332971774828335,3.841458820694124
flat,7.044462277299038e-16,7.044462277299037e-07,1.6332970967069311,3.841458820694124
flat,7.225349491787222e-16,7.225349491787222e-07,1.6332970138567462,3.841458820694124
flat,7.41088151564157e-16,7.41088151564157e-07,1.633296928879313,3.841458820694124
flat,7.601177617955323e-16,7.601177617955323e-07,1.6332968417198146,3.841458820694124
flat,7.796360130405237e-16,7.796360130405236e-07,1.6332967523221327,3.841458820694124
flat,7.996554525892347e-16,7.996554525892346e-07,1.6332966606290127,3.841458820694124
flat,8.201889499202212e-16,8.201889499202212e-07,1.633296566581413,3.841458820694124
flat,8.412497049736119e-16,8.412497049736118e-07,1.633296470118805,3.841458820694124
flat,8.628512566366887e-16,8.628512566366887e-07,1.6332963711793418,3.841458820694124
flat,8.850074914473439e-16,8.850074914473439e-07,1.6332962696992241,3.841458820694124
flat,9.077326525210223e-16,9.077326525210223e-07,1.6332961656133782,3.841458820694124
flat,9.310413487069087e-16,9.310413487069085e-07,1.6332960588545793,3.841458820694124
flat,9.549485639791966e-16,9.549485639791966e-07,1.6332959493547352,3.841458820694124
flat,9.794696670695385e-16,9.794696670695385e-07,1.6332958370431385,3.841458820694124
flat,1.0046204213468132e-15,1.0046204213468131e-06,1.6332957218474558,3.841458820694124
flat,1.0304169949505876e-15,1.0304169949505875e-06,1.6332956036939177,3.841458820694124
flat,1.056875971184805e-15,1.056875971184805e-06,1.6332954825062873,3.841458820694124
flat,1.084014359178331e-15,1.084014359178331e-06,1.6332953582070098,3.841458820694124
flat,1.1118496048192698e-15,1.1118496048192698e-06,1.63329523071585,3.841458820694124
flat,1.140399601970033e-15,1.140399601970033e-06,1.6332950999511713,3.841458820694124
flat,1.1696827039703847e-15,1.1696827039703847e-06,1.6332949658284714,3.841458820694124
flat,1.1997177354358856e-15,1.1997177354358855e-06,1.6332948282620634,3.841458820694124
flat,1.2305240043592617e-15,1.2305240043592616e-06,1.6332946871630387,3.841458820694124
flat,1.2621213145225461e-15,1.262121314522546e-06,1.633294542440853,3.841458820694124
flat,1.294529978227916e-15,1.294529978227916e-06,1.6332943940026816,3.841458820694124
flat,1.327770829355429e-15,1.327770829355429e-06,1.6332942417528715,3.841458820694124
flat,1.3618652367560827e-15,1.3618652367560827e-06,1.633294085593576,3.841458820694124
flat,1.3968351179887399e-15,1.3968351179887398e-06,1.6332939254245364,3.841458820694124
flat,1.4327029534098294e-15,1.4327029534098294e-06,1.6332937611425544,3.841458820694124
flat,1.4694918006248173e-15,1.4694918006248172e-06,1.6332935926422234,3.841458820694124
flat,1.5072253093107558e-15,1.5072253093107556e-06,1.6332934198152667,3.841458820694124
flat,1.5459277364194787e-15,1.5459277364194786e-06,1.6332932425502584,3.841458820694124
flat,1.5856239617711373e-15,1.5856239617711372e-06,1.633293060733631,3.841458820694124
flat,1.6263395040481906e-15,1.6263395040481906e-06,1.6332928742483244,3.841458820694124
flat,1.6681005372000592e-15,1.6681005372000591e-06,1.6332926829744354,3.841458820694124
flat,1.7109339072690137e-15,1.7109339072690135e-06,1.633292486789067,3.841458820694124
flat,1.754867149648152e-15,1.754867149648152e-06,1.633292285565975,3.841458820694124
flat,1.7999285067824765e-15,1.7999285067824765e-06,1.633292079176009,3.841458820694124
flat,1.8461469463245456e-15,1.8461469463245456e-06,1.6332918674863155,3.841458820694124
flat,1.8935521797562954e-15,1.8935521797562952e-06,1.6332916503610135,3.841458820694124
flat,1.9421746814890248e-15,1.9421746814890245e-06,1.6332914276602841,3.841458820694124
flat,1.9920457084538714e-15,1.992045708453871e-06,1.6332911992411385,3.841458820694124
flat,2.0431973201952705e-15,2.0431973201952705e-06,1.633290964956572,3.841458820694124
flat,2.095662399480431e-15,2.095662399480431e-06,1.6332907246560884,3.841458820694124
flat,2.149474673437981e-15,2.1494746734379807e-06,1.633290478185406,3.841458820694124
flat,2.2046687352394077e-15,2.2046687352394075e-06,1.633290225385676,3.841458820694124
flat,2.2612800663372797e-15,2.2612800663372794e-06,1.6332899660945372,3.841458820694124
flat,2.319345059274428e-15,2.3193450592744277e-06,1.6332897001455817,3.841458820694124
flat,2.378901041078891e-15,2.378901041078891e-06,1.633289427367488,3.841458820694124
flat,2.4399862972595504e-15,2.43998629725955e-06,1.633289147585106,3.841458820694124
flat,2.502640096417917e-15,2.502640096417917e-06,1.6332888606184532,3.841458820694124
flat,2.566902715491952e-15,2.566902715491952e-06,1.633288566283246,3.841458820694124
flat,2.63281546564802e-15,2.63281546564802e-06,1.6332882643900046,3.841458820694124
flat,2.70042071883777e-15,2.70042071883777e-06,1.6332879547447612,3.841458820694124
flat,2.7697619350368914e-15,2.769761935036891e-06,1.6332876371486815,3.841458820694124
flat,2.840883690183301e-15,2.840883690183301e-06,1.6332873113973634,3.841458820694124
flat,2.9138317048327887e-15,2.9138317048327886e-06,1.633286977281434,3.841458820694124
flat,2.9886528735503825e-15,2.9886528735503824e-06,1.6332866345861001,3.841458820694124
flat,3.065395295056524e-15,3.0653952950565237e-06,1.6332862830911383,3.841458820694124
flat,3.144108303147265e-15,3.144108303147265e-06,1.633285922570493,3.841458820694124
flat,3.2248424984084456e-15,3.2248424984084455e-06,1.6332855527925303,3.841458820694124
flat,3.307649780744243e-15,3.3076497807442426e-06,1.6332851735194591,3.841458820694124
flat,3.392583382740992e-15,3.392583382740992e-06,1.6332847845074507,3.841458820694124
flat,3.479697903887688e-15,3.479697903887688e-06,1.633284385506601,3.841458820694124
flat,3.5690493456752294e-15,3.5690493456752295e-06,1.6332839762601534,3.841458820694124
flat,3.660695147596906e-15,3.660695147596906e-06,1.6332835565050894,3.841458820694124
flat,3.754694224073337e-15,3.754694224073337e-06,1.63328312597185,3.841458820694124
flat,3.851107002325569e-15,3.851107002325569e-06,1.6332826843833397,3.841458820694124
flat,3.949995461220639e-15,3.949995461220639e-06,1.6332822314557136,3.841458820694124
flat,4.051423171114647e-15,4.051423171114647e-06,1.6332817668982154,3.841458820694124
flat,4.15545533471888e-15,4.15545533471888e-06,1.633281290411596,3.841458820694124
flat,4.262158829015325e-15,4.262158829015325e-06,1.6332808016899851,3.841458820694124
flat,4.371602248248502e-15,4.371602248248502e-06,1.633280300419107,3.841458820694124
flat,4.483855948021191e-15,4.4838559480211905e-06,1.6332797862767066,3.841458820694124
flat,4.598992090522439e-15,4.598992090522438e-06,1.6332792589322884,3.841458820694124
flat,4.717084690917022e-15,4.717084690917022e-06,1.6332787180467836,3.841458820694124
flat,4.838209664925957e-15,4.838209664925957e-06,1.6332781632726316,3.841458820694124
flat,4.962444877628914e-15,4.962444877628914e-06,1.6332775942530215,3.841458820694124
flat,5.089870193519685e-15,5.089870193519685e-06,1.6332770106223995,3.841458820694124
flat,5.220567527846976e-15,5.2205675278469754e-06,1.6332764120053538,3.841458820694124
flat,5.354620899273613e-15,5.354620899273613e-06,1.6332757980172616,3.841458820694124
flat,5.492116483887789e-15,5.492116483887789e-06,1.6332751682632218,3.841458820694124
flat,5.633142670601353e-15,5.633142670601352e-06,1.6332745223386493,3.841458820694124
flat,5.777790117970507e-15,5.777790117970507e-06,1.6332738598281602,3.841458820694124
flat,5.926151812475553e-15,5.9261518124755525e-06,1.6332731803058493,3.841458820694124
flat,6.0783231282972366e-15,6.0783231282972365e-06,1.6332724833350523,3.841458820694124
flat,6.234401888627864e-15,6.234401888627864e-06,1.6332717684676683,3.841458820694124
flat,6.3944884285569365e-15,6.394488428556936e-06,1.633271035243887,3.841458820694124
flat,6.5586856595714364e-15,6.558685659571436e-06,1.6332702831928745,3.841458820694124
flat,6.727099135712337e-15,6.727099135712336e-06,1.633269511830881,3.841458820694124
flat,6.899837121430025e-15,6.899837121430025e-06,1.633268720662084,3.841458820694124
flat,7.07701066118189e-15,7.077010661181889e-06,1.633267909177888,3.841458820694124
flat,7.258733650817247e-15,7.258733650817246e-06,1.6332670768565583,3.841458820694124
flat,7.445122910795143e-15,7.445122910795143e-06,1.6332662231633224,3.841458820694124
flat,7.636298261282243e-15,7.636298261282242e-06,1.6332653475492185,3.841458820694124
flat,7.832382599179206e-15,7.832382599179205e-06,1.633264449451355,3.841458820694124
flat,8.033501977124735e-15,8.033501977124734e-06,1.6332635282924377,3.841458820694124
flat,8.239785684528512e-15,8.239785684528512e-06,1.6332625834803403,3.841458820694124
flat,8.451366330684723e-15,8.451366330684723e-06,1.6332616144078704,3.841458820694124
flat,8.668379930019776e-15,8.668379930019775e-06,1.6332606204517812,3.841458820694124
flat,8.890965989529168e-15,8.890965989529167e-06,1.6332596009732256,3.841458820694124
flat,9.119267598459299e-15,9.119267598459298e-06,1.6332585553169126,3.841458820694124
flat,9.353431520292377e-15,9.353431520292377e-06,1.6332574828107227,3.841458820694124
flat,9.593608287093147e-15,9.593608287093147e-06,1.6332563827651385,3.841458820694124
flat,9.839952296278226e-15,9.839952296278226e-06,1.6332552544730867,3.841458820694124
flat,1.0092621909870486e-14,1.0092621909870484e-05,1.6332540972092013,3.841458820694124
flat,1.0351779556301763e-14,1.0351779556301762e-05,1.633252910229572,3.841458820694124
flat,1.0617591834829991e-14,1.0617591834829991e-05,1.6332516927712852,3.841458820694124
flat,1.0890229622637305e-14,1.0890229622637305e-05,1.6332504440514728,3.841458820694124
flat,1.1169868184678227e-14,1.1169868184678226e-05,1.6332491632677775,3.841458820694124
flat,1.1456687286348727e-14,1.1456687286348727e-05,1.6332478495966525,3.841458820694124
flat,1.1750871309048077e-14,1.1750871309048075e-05,1.6332465021938989,3.841458820694124
flat,1.2052609368708416e-14,1.2052609368708414e-05,1.6332451201929443,3.841458820694124
flat,1.2362095437367691e-14,1.2362095437367691e-05,1.6332437027057662,3.841458820694124
flat,1.2679528467864341e-14,1.267952846786434e-05,1.6332422488212621,3.841458820694124
flat,1.30051125217341e-14,1.3005112521734099e-05,1.633240757604442,3.841458820694124
flat,1.3339056900390588e-14,1.3339056900390587e-05,1.6332392280972092,3.841458820694124
flat,1.3681576279674705e-14,1.3681576279674705e-05,1.6332376593159066,3.841458820694124
flat,1.4032890847858733e-14,1.4032890847858732e-05,1.6332360502524859,3.841458820694124
flat,1.4393226447194066e-14,1.4393226447194064e-05,1.633234399872497,3.841458820694124
flat,1.476281471909391e-14,1.476281471909391e-05,1.6332327071149741,3.841458820694124
flat,1.514189325304352e-14,1.514189325304352e-05,1.6332309708917256,3.841458820694124
flat,1.5530705739334587e-14,1.5530705739334586e-05,1.6332291900869687,3.841458820694124
flat,1.5929502125721232e-14,1.592950212572123e-05,1.633227363555651,3.841458820694124
flat,1.6338538778098638e-14,1.6338538778098638e-05,1.6332254901240977,3.841458820694124
flat,1.6758078645307688e-14,1.6758078645307688e-05,1.633223568587713,3.841458820694124
flat,1.7188391428171456e-14,1.7188391428171457e-05,1.6332215977114253,3.841458820694124
flat,1.762975375287204e-14,1.762975375287204e-05,1.6332195762283357,3.841458820694124
flat,1.8082449348779518e-14,1.8082449348779517e-05,1.6332175028391238,3.841458820694124
flat,1.8546769230847016e-14,1.8546769230847014e-05,1.633215376210771,3.841458820694124
flat,1.902301188668946e-14,1.902301188668946e-05,1.6332131949765545,3.841458820694124
flat,1.9511483468466167e-14,1.9511483468466165e-05,1.633210957734275,3.841458820694124
flat,2.0012497989690348e-14,2.001249798969035e-05,1.6332086630458122,3.841458820694124
flat,2.0526377527092523e-14,2.052637752709252e-05,1.6332063094362481,3.841458820694124
flat,2.1053452427667084e-14,2.1053452427667084e-05,1.6332038953925914,3.841458820694124
flat,2.1594061521035677e-14,2.1594061521035675e-05,1.63320141936298,3.841458820694124
flat,2.2148552337263594e-14,2.2148552337263592e-05,1.6331988797562909,3.841458820694124
flat,2.271728133026903e-14,2.2717281330269027e-05,1.6331962749396247,3.841458820694124
flat,2.3300614106969248e-14,2.3300614106969247e-05,1.6331936032389125,3.841458820694124
flat,2.3898925662310528e-14,2.3898925662310526e-05,1.6331908629366219,3.841458820694124
flat,2.45126006203334e-14,2.4512600620333398e-05,1.6331880522714795,3.841458820694124
flat,2.5142033481427965e-14,2.5142033481427965e-05,1.6331851694368054,3.841458820694124
flat,2.5787628875937986e-14,2.5787628875937984e-05,1.6331822125794553,3.841458820694124
flat,2.64498018242772e-14,2.64498018242772e-05,1.6331791797990438,3.841458820694124
flat,2.71289780037247e-14,2.71289780037247e-05,1.633176069146024,3.841458820694124
flat,2.7825594022071263e-14,2.782559402207126e-05,1.633172878620949,3.841458820694124
flat,2.854009769829238e-14,2.8540097698292376e-05,1.6331696061729333,3.841458820694124
flat,2.927294835042813e-14,2.927294835042813e-05,1.633166249698668,3.841458820694124
flat,3.002461709085549e-14,3.0024617090855492e-05,1.6331628070408122,3.841458820694124
flat,3.0795587129142296e-14,3.0795587129142294e-05,1.6331592759863138,3.841458820694124
flat,3.158635408267819e-14,3.158635408267819e-05,1.6331556542655739,3.841458820694124
flat,3.2397426295281954e-14,3.2397426295281954e-05,1.633151939550736,3.841458820694124
flat,3.322932516398969e-14,3.3229325163989684e-05,1.6331481294541141,3.841458820694124
flat,3.4082585474234525e-14,3.408258547423452e-05,1.633144221526734,3.841458820694124
flat,3.4957755743632787e-14,3.4957755743632785e-05,1.6331402132566466,3.841458820694124
flat,3.5855398574598174e-14,3.585539857459817e-05,1.6331361020676705,3.841458820694124
flat,3.677609101601031e-14,3.677609101601031e-05,1.6331318853172494,3.841458820694124
flat,3.772042493416994e-14,3.7720424934169935e-05,1.6331275602950384,3.841458820694124
flat,3.8689007393279756e-14,3.8689007393279756e-05,1.633123124221182,3.841458820694124
flat,3.968246104569486e-14,3.968246104569486e-05,1.6331185742445193,3.841458820694124
flat,4.070142453219439e-14,4.070142453219439e-05,1.6331139074402845,3.841458820694124
flat,4.174655289253135e-14,4.174655289253135e-05,1.6331091208091324,3.841458820694124
flat,4.281851798652407e-14,4.2818517986524064e-05,1.6331042112746694,3.841458820694124
flat,4.391800892596086e-14,4.391800892596086e-05,1.6330991756809219,3.841458820694124
flat,4.504573251759463e-14,4.504573251759463e-05,1.6330940107917935,3.841458820694124
flat,4.6202413717513134e-14,4.620241371751313e-05,1.6330887132874876,3.841458820694124
flat,4.7388796097176515e-14,4.738879609717651e-05,1.6330832797631756,3.841458820694124
flat,4.8605642321421296e-14,4.860564232142129e-05,1.6330777067265818,3.841458820694124
flat,4.985373463873894e-14,4.985373463873894e-05,1.6330719905958446,3.841458820694124
flat,5.113387538414332e-14,5.113387538414331e-05,1.633066127697093,3.841458820694124
flat,5.24468874949512e-14,5.244688749495119e-05,1.633060114262148,3.841458820694124
flat,5.3793615039806984e-14,5.379361503980698e-05,1.6330539464261966,3.841458820694124
flat,5.517492376129117e-14,5.517492376129117e-05,1.633047620225093,3.841458820694124
flat,5.6591701632462426e-14,5.6591701632462424e-05,1.633041131593087,3.841458820694124
flat,5.804485942768984e-14,5.804485942768984e-05,1.6330344763597564,3.841458820694124
flat,5.95353313081437e-14,5.95353313081437e-05,1.6330276502478671,3.841458820694124
flat,6.106407542232037e-14,6.106407542232036e-05,1.6330206488703902,3.841458820694124
flat,6.26320745219868e-14,6.26320745219868e-05,1.6330134677277306,3.841458820694124
flat,6.424033659394191e-14,6.424033659394191e-05,1.633006102204548,3.841458820694124
flat,6.588989550799956e-14,6.588989550799956e-05,1.63299854756722,3.841458820694124
flat,6.758181168161111e-14,6.75818116816111e-05,1.6329907989607022,3.841458820694124
flat,6.9317172761554e-14,6.9317172761554e-05,1.6329828514051978,3.841458820694124
flat,7.109709432312424e-14,7.109709432312424e-05,1.632974699792883,3.841458820694124
flat,7.292272058728314e-14,7.292272058728313e-05,1.6329663388852527,3.841458820694124
flat,7.479522515621829e-14,7.479522515621829e-05,1.6329577633090617,3.841458820694124
flat,7.671581176779303e-14,7.671581176779303e-05,1.6329489675532582,3.841458820694124
flat,7.868571506936844e-14,7.868571506936843e-05,1.6329399459652332,3.841458820694124
flat,8.070620141149492e-14,8.070620141149491e-05,1.6329306927476053,3.841458820694124
flat,8.277856966198473e-14,8.277856966198472e-05,1.6329212019536687,3.841458820694124
flat,8.490415204088756e-14,8.490415204088756e-05,1.6329114674845093,3.841458820694124
flat,8.708431497690724e-14,8.708431497690724e-05,1.6329014830844795,3.841458820694124
flat,8.93204599858096e-14,8.932045998580959e-05,1.6328912423374182,3.841458820694124
flat,9.161402457138523e-14,9.161402457138522e-05,1.632880738662713,3.841458820694124
flat,9.396648314954691e-14,9.39664831495469e-05,1.632869965310325,3.841458820694124
flat,9.637934799615796e-14,9.637934799615795e-05,1.632858915357649,3.841458820694124
flat,9.885417021919574e-14,9.885417021919574e-05,1.6328475817039634,3.841458820694124
flat,1.0139254075588153e-13,0.00010139254075588153,1.6328359570663176,3.841458820694124
flat,1.0399609139541204e-13,0.00010399609139541203,1.63282403397514,3.841458820694124
flat,1.0666649582795388e-13,0.00010666649582795387,1.6328118047690852,3.841458820694124
flat,1.0940547072057425e-13,0.00010940547072057424,1.632799261589799,3.841458820694124
flat,1.1221477682079804e-13,0.00011221477682079803,1.6327863963777525,3.841458820694124
flat,1.1509622008850323e-13,0.00011509622008850323,1.6327732008664801,3.841458820694124
flat,1.1805165285688057e-13,0.00011805165285688056,1.632759666577296,3.841458820694124
flat,1.2108297502320395e-13,0.00012108297502320394,1.6327457848138056,3.841458820694124
flat,1.2419213527017832e-13,0.00012419213527017832,1.632731546656798,3.841458820694124
flat,1.2738113231864786e-13,0.00012738113231864785,1.6327169429580617,3.841458820694124
flat,1.3065201621247214e-13,0.00013065201621247213,1.632701964334321,3.841458820694124
flat,1.3400688963639507e-13,0.00013400688963639506,1.6326866011621108,3.841458820694124
flat,1.3744790926775368e-13,0.00013744790926775366,1.6326708435706465,3.841458820694124
flat,1.4097728716289663e-13,0.00014097728716289663,1.63265468143593,3.841458820694124
flat,1.4459729217920195e-13,0.00014459729217920195,1.6326381043742406,3.841458820694124
flat,1.4831025143361045e-13,0.00014831025143361044,1.632621101735573,3.841458820694124
flat,1.521185517986105e-13,0.0001521185517986105,1.632603662596382,3.841458820694124
flat,1.560246414366368e-13,0.0001560246414366368,1.6325857757530344,3.841458820694124
flat,1.6003103137387003e-13,0.00016003103137387001,1.6325674297145136,3.841458820694124
flat,1.6414029711444664e-13,0.00016414029711444664,1.6325486126949305,3.841458820694124
flat,1.6835508029612024e-13,0.00016835508029612023,1.6325293126061378,3.841458820694124
flat,1.726780903884356e-13,0.0001726780903884356,1.632509517049685,3.841458820694124
flat,1.7711210643450888e-13,0.00017711210643450888,1.632489213308952,3.841458820694124
flat,1.8165997883753269e-13,0.00018165997883753268,1.6324683883417284,3.841458820694124
flat,1.86324631193156e-13,0.00018632463119315598,1.632447028770672,3.841458820694124
flat,1.9110906216891379e-13,0.00019110906216891378,1.6324251208752176,3.841458820694124
flat,1.960163474319186e-13,0.00019601634743191858,1.632402650583436,3.841458820694124
flat,2.0104964162604993e-13,0.00020104964162604992,1.6323796034618723,3.841458820694124
flat,2.0621218039991426e-13,0.00020621218039991424,1.6323559647072898,3.841458820694124
flat,2.115072824868795e-13,0.00021150728248687948,1.6323317191363527,3.841458820694124
flat,2.1693835183851846e-13,0.00021693835183851843,1.6323068511768426,3.841458820694124
flat,2.2250887981283693e-13,0.00022250887981283693,1.6322813448564968,3.841458820694124
flat,2.2822244741868986e-13,0.00022822244741868986,1.6322551837940702,3.841458820694124
flat,2.3408272761782924e-13,0.0002340827276178292,1.632228351187686,3.841458820694124
flat,2.400934876860652e-13,0.00024009348768606518,1.6322008298050132,3.841458820694124
flat,2.4625859163505467e-13,0.00024625859163505465,1.632172601971683,3.841458820694124
flat,2.5258200269627847e-13,0.0002525820026962785,1.6321436495598172,3.841458820694124
flat,2.590677858688009e-13,0.0002590677858688009,1.6321139539771015,3.841458820694124
flat,2.657201105324504e-13,0.0002657201105324504,1.63208349615444,3.841458820694124
flat,2.7254325312810276e-13,0.00027254325312810277,1.6320522565334759,3.841458820694124
flat,2.7954159990678567e-13,0.00027954159990678566,1.6320202150547045,3.841458820694124
flat,2.86719649749377e-13,0.00028671964974937697,1.631987351144422,3.841458820694124
flat,2.940820170587064e-13,0.00029408201705870637,1.6319536437012356,3.841458820694124
flat,3.0163343472591977e-13,0.00030163343472591975,1.631919071082618,3.841458820694124
flat,3.093787571730137e-13,0.00030937875717301365,1.6318836110918886,3.841458820694124
flat,3.1732296347349767e-13,0.00031732296347349763,1.6318472409627103,3.841458820694124
flat,3.2547116055318483e-13,0.0003254711605531848,1.6318099373455706,3.841458820694124
flat,3.3382858647317613e-13,0.0003338285864731761,1.6317716762921826,3.841458820694124
flat,3.4240061379714263e-13,0.0003424006137971426,1.6317324332410474,3.841458820694124
flat,3.511927530450728e-13,0.00035119275304507276,1.631692183000381,3.841458820694124
flat,3.6021065623570706e-13,0.000360210656235707,1.6316508997332375,3.841458820694124
flat,3.6946012051993027e-13,0.00036946012051993025,1.6316085569407144,3.841458820694124
flat,3.7894709190746675e-13,0.00037894709190746675,1.631565127444409,3.841458820694124
flat,3.886776690892668e-13,0.00038867766908926677,1.631520583369895,3.841458820694124
flat,3.986581073580439e-13,0.00039865810735804387,1.6314748961284136,3.841458820694124
flat,4.0889482262948605e-13,0.00040889482262948605,1.6314280363986278,3.841458820694124
flat,4.1939439556671865e-13,0.0004193943955667186,1.631379974108009,3.841458820694124
flat,4.3016357581067956e-13,0.00043016357581067953,1.6313306784138375,3.841458820694124
flat,4.4120928631911904e-13,0.000441209286319119,1.6312801176831484,3.841458820694124
flat,4.525386278170167e-13,0.0004525386278170167,1.6312282594726621,3.841458820694124
flat,4.641588833612777e-13,0.00046415888336127773,1.6311750705082444,3.841458820694124
flat,4.760775230226369e-13,0.0004760775230226368,1.6311205166634999,3.841458820694124
flat,4.88302208687788e-13,0.000488302208687788,1.6310645629380536,3.841458820694124
flat,5.008407989848213e-13,0.0005008407989848212,1.6310071734352638,3.841458820694124
flat,5.137013543351339e-13,0.0005137013543351339,1.630948311339064,3.841458820694124
flat,5.268921421350672e-13,0.0005268921421350671,1.6308879388912416,3.841458820694124
flat,5.404216420705915e-13,0.0005404216420705915,1.6308260173664417,3.841458820694124
flat,5.542985515684669e-13,0.0005542985515684668,1.6307625070479184,3.841458820694124
flat,5.685317913873754e-13,0.0005685317913873754,1.6306973672025256,3.841458820694124
flat,5.831305113526225e-13,0.0005831305113526224,1.6306305560543233,3.841458820694124
flat,5.981040962380938e-13,0.0005981040962380938,1.6305620307580093,3.841458820694124
flat,6.134621717992507e-13,0.0006134621717992507,1.6304917473719625,3.841458820694124
flat,6.292146109610344e-13,0.0006292146109610344,1.6304196608299142,3.841458820694124
flat,6.453715401646702e-13,0.0006453715401646702,1.6303457249126039,3.841458820694124
flat,6.619433458774395e-13,0.0006619433458774394,1.630269892218001,3.841458820694124
flat,6.789406812696106e-13,0.0006789406812696106,1.6301921141316338,3.841458820694124
flat,6.963744730628223e-13,0.0006963744730628222,1.6301123407953506,3.841458820694124
flat,7.142559285543127e-13,0.0007142559285543127,1.6300305210755535,3.841458820694124
flat,7.325965428215231e-13,0.000732596542821523,1.6299466025310183,3.841458820694124
flat,7.51408106111697e-13,0.000751408106111697,1.629860531379458,3.841458820694124
flat,7.707027114212295e-13,0.0007707027114212295,1.6297722524631846,3.841458820694124
flat,7.904927622696421e-13,0.000790492762269642,1.629681709214392,3.841458820694124
flat,8.107909806731687e-13,0.0008107909806731687,1.6295888436191523,3.841458820694124
flat,8.316104153230962e-13,0.0008316104153230961,1.6294935961805745,3.841458820694124
flat,8.529644499741026e-13,0.0008529644499741026,1.6293959058806626,3.841458820694124
flat,8.748668120479906e-13,0.0008748668120479906,1.629295710142758,3.841458820694124
flat,8.973315814583521e-13,0.000897331581458352,1.629192944790905,3.841458820694124
flat,9.203731996618221e-13,0.0009203731996618221,1.629087544009252,3.841458820694124
flat,9.440064789417603e-13,0.0009440064789417603,1.6289794403009492,3.841458820694124
flat,9.682466119303124e-13,0.0009682466119303124,1.6288685644450092,3.841458820694124
flat,9.931091813749801e-13,0.00099310918137498,1.6287548454523535,3.841458820694124
flat,1.0186101701559753e-12,0.0010186101701559753,1.6286382105213086,3.841458820694124
flat,1.0447659715608055e-12,0.0010447659715608053,1.628518584991679,3.841458820694124
flat,1.0715933998226712e-12,0.001071593399822671,1.6283958922967254,3.841458820694124
flat,1.0991097009294961e-12,0.0010991097009294961,1.628270053916146,3.841458820694124
flat,1.1273325637104872e-12,0.0011273325637104871,1.6281409893251306,3.841458820694124
flat,1.1562801312073754e-12,0.0011562801312073755,1.6280086159444103,3.841458820694124
flat,1.1859710123376707e-12,0.0011859710123376707,1.627872849087877,3.841458820694124
flat,1.216424293857368e-12,0.001216424293857368,1.6277336019096185,3.841458820694124
flat,1.2476595526308686e-12,0.0012476595526308685,1.6275907853481684,3.841458820694124
flat,1.2796968682159415e-12,0.0012796968682159415,1.6274443080716146,3.841458820694124
flat,1.3125568357718428e-12,0.0013125568357718427,1.6272940764196435,3.841458820694124
flat,1.3462605792989113e-12,0.001346260579298911,1.6271399943439644,3.841458820694124
flat,1.3808297652180924e-12,0.0013808297652180923,1.6269819633492766,3.841458820694124
flat,1.4162866162991974e-12,0.0014162866162991973,1.6268198824299787,3.841458820694124
flat,1.4526539259467812e-12,0.0014526539259467812,1.6266536480079221,3.841458820694124
flat,1.4899550728528536e-12,0.0014899550728528536,1.6264831538666864,3.841458820694124
flat,1.528214036025871e-12,0.0015282140360258708,1.62630829108488,3.841458820694124
flat,1.567455410205595e-12,0.001567455410205595,1.6261289479687668,3.841458820694124
flat,1.6077044216738222e-12,0.0016077044216738221,1.6259450099809918,3.841458820694124
flat,1.648986944471065e-12,0.001648986944471065,1.6257563596701718,3.841458820694124
flat,1.6913295170296472e-12,0.001691329517029647,1.6255628765965338,3.841458820694124
flat,1.7347593592339327e-12,0.0017347593592339325,1.6253644372569682,3.841458820694124
flat,1.7793043899185774e-12,0.0017793043899185772,1.6251609150079187,3.841458820694124
flat,1.8249932448161505e-12,0.0018249932448161504,1.6249521799862992,3.841458820694124
flat,1.8718552949655794e-12,0.0018718552949655793,1.6247380990284552,3.841458820694124
flat,1.919920665593283e-12,0.0019199206655932828,1.6245185355873073,3.841458820694124
flat,1.969220255479174e-12,0.0019692202554791737,1.624293349647256,3.841458820694124
flat,2.0197857568198786e-12,0.0020197857568198785,1.624062397637088,3.841458820694124
flat,2.071649675602067e-12,0.002071649675602067,1.6238255323405273,3.841458820694124
flat,2.1248453524988827e-12,0.0021248453524988827,1.6235826028053932,3.841458820694124
flat,2.179406984302954e-12,0.002179406984302954,1.62333345424941,3.841458820694124
flat,2.235369645909797e-12,0.0022353696459097966,1.6230779279642094,3.841458820694124
flat,2.292769312865649e-12,0.002292769312865649,1.6228158612179195,3.841458820694124
flat,2.3516428844943515e-12,0.002351642884494351,1.6225470871526846,3.841458820694124
flat,2.412028207618007e-12,0.002412028207618007,1.6222714346844591,3.841458820694124
flat,2.4739641008868116e-12,0.0024739641008868114,1.6219887283938117,3.841458820694124
flat,2.537490379733572e-12,0.0025374903797335717,1.621698788420835,3.841458820694124
flat,2.6026478819690043e-12,0.0026026478819690044,1.6214014303525102,3.841458820694124
flat,2.6694784940343237e-12,0.0026694784940343237,1.6210964651102755,3.841458820694124
flat,2.7380251779278577e-12,0.0027380251779278576,1.6207836988327848,3.841458820694124
flat,2.80833199882317e-12,0.00280833199882317,1.620462932757586,3.841458820694124
flat,2.8804441533962983e-12,0.002880444153396298,1.6201339630999818,3.841458820694124
flat,2.95440799888038e-12,0.00295440799888038,1.6197965809262165,3.841458820694124
flat,3.0302710828663996e-12,0.0030302710828663993,1.61945057202793,3.841458820694124
flat,3.1080821738690642e-12,0.003108082173869064,1.619095716789533,3.841458820694124
flat,3.1878912926776425e-12,0.0031878912926776425,1.6187317900555547,3.841458820694124
flat,3.2697497445117682e-12,0.003269749744511768,1.6183585609929814,3.841458820694124
flat,3.353710152002929e-12,0.0033537101520029287,1.617975792950724,3.841458820694124
flat,3.4398264890229283e-12,0.003439826489022928,1.6175832433162287,3.841458820694124
flat,3.5281541153808835e-12,0.003528154115380883,1.617180663368474,3.841458820694124
flat,3.6187498124112772e-12,0.003618749812411277,1.6167677981268656,3.841458820694124
flat,3.711671819475767e-12,0.003711671819475767,1.6163443861976974,3.841458820694124
flat,3.8069798714022845e-12,0.003806979871402284,1.615910159616235,3.841458820694124
flat,3.904735236885564e-12,0.003904735236885564,1.615464843685273,3.841458820694124
flat,4.005000757873611e-12,0.004005000757873611,1.6150081568101249,3.841458820694124
flat,4.1078408899656425e-12,0.004107840889965643,1.6145398103293347,3.841458820694124
flat,4.213321743847289e-12,0.004213321743847289,1.6140595083423501,3.841458820694124
flat,4.321511127789763e-12,0.004321511127789762,1.613566947531635,3.841458820694124
flat,4.432478591240401e-12,0.0044324785912404005,1.6130618169827788,3.841458820694124
flat,4.5462954695323995e-12,0.0045462954695324,1.6125437979986732,3.841458820694124
flat,4.663034929742726e-12,0.004663034929742726,1.6120125639103398,3.841458820694124
flat,4.7827720177274856e-12,0.0047827720177274855,1.6114677798829187,3.841458820694124
flat,4.905583706365046e-12,0.004905583706365045,1.6109091027183882,3.841458820694124
flat,5.031548945038057e-12,0.005031548945038057,1.6103361806521759,3.841458820694124
flat,5.160748710385908e-12,0.005160748710385908,1.6097486531459724,3.841458820694124
flat,5.293266058360556e-12,0.005293266058360556,1.6091461506766591,3.841458820694124
flat,5.429186177618943e-12,0.005429186177618943,1.6085282945194241,3.841458820694124
flat,5.56859644428641e-12,0.005568596444286409,1.6078946965256742,3.841458820694124
flat,5.711586478126435e-12,0.0057115864781264345,1.6072449588982018,3.841458820694124
flat,5.858248200152536e-12,0.005858248200152536,1.6065786739585417,3.841458820694124
flat,6.008675891719681e-12,0.0060086758917196805,1.605895423911572,3.841458820694124
flat,6.162966255132943e-12,0.006162966255132942,1.6051947806030578,3.841458820694124
flat,6.321218475812449e-12,0.0063212184758124484,1.6044763052743687,3.841458820694124
flat,6.483534286054727e-12,0.006483534286054727,1.6037395483086465,3.841458820694124
flat,6.6500180304311185e-12,0.006650018030431118,1.6029840489744034,3.841458820694124
flat,6.820776732865679e-12,0.0068207767328656785,1.6022093351625213,3.841458820694124
flat,6.995920165435375e-12,0.006995920165435375,1.6014149231168873,3.841458820694124
flat,7.1755609189369215e-12,0.0071755609189369214,1.6006003171607512,3.841458820694124
flat,7.359814475265772e-12,0.007359814475265771,1.5997650094161635,3.841458820694124
flat,7.548799281653432e-12,0.007548799281653432,1.5989084795189465,3.841458820694124
flat,7.742636826811278e-12,0.007742636826811277,1.5980301943256756,3.841458820694124
flat,7.94145171902934e-12,0.00794145171902934,1.5971296076172126,3.841458820694124
flat,8.145371766280738e-12,0.008145371766280737,1.596206159793674,3.841458820694124
flat,8.354528058382872e-12,0.008354528058382871,1.59525927756548,3.841458820694124
flat,8.569055051268349e-12,0.008569055051268348,1.5942883736359912,3.841458820694124
flat,8.789090653419963e-12,0.008789090653419963,1.5932928463801035,3.841458820694124
flat,9.014776314524918e-12,0.009014776314524917,1.5922720795149852,3.841458820694124
flat,9.246257116405733e-12,0.009246257116405733,1.5912254417642857,3.841458820694124
flat,9.483681866285928e-12,0.009483681866285927,1.590152286517427,3.841458820694124
flat,9.727203192450537e-12,0.009727203192450537,1.5890519514806087,3.841458820694124
flat,9.976977642363211e-12,0.009976977642363211,1.5879237583223127,3.841458820694124
flat,1.023316578330245e-11,0.01023316578330245,1.5867670123114601,3.841458820694124
flat,1.0495932305582266e-11,0.010495932305582266,1.5855810019499774,3.841458820694124
flat,1.076544612842316e-11,0.010765446128423159,1.584364998597409,3.841458820694124
flat,1.1041880508541602e-11,0.011041880508541602,1.5831182560898,3.841458820694124
flat,1.1325413151528127e-11,0.011325413151528126,1.581840010351004,3.841458820694124
flat,1.161622632608502e-11,0.011616226326085019,1.5805294789977657,3.841458820694124
flat,1.1914506981197748e-11,0.011914506981197748,1.5791858609384528,3.841458820694124
flat,1.2220446866314887e-11,0.012220446866314887,1.5778083359637913,3.841458820694124
flat,1.2534242654613995e-11,0.012534242654613994,1.5763960643317516,3.841458820694124
flat,1.2856096069432967e-11,0.012856096069432965,1.5749481863456745,3.841458820694124
flat,1.3186214013947487e-11,0.013186214013947485,1.5734638219253547,3.841458820694124
flat,1.3524808704178741e-11,0.01352480870417874,1.571942070171797,3.841458820694124
flat,1.387209780541621e-11,0.01387209780541621,1.5703820089248317,3.841458820694124
flat,1.422830457214352e-11,0.014228304572143519,1.5687826943148109,3.841458820694124
flat,1.4593657991557578e-11,0.014593657991557577,1.5671431603078103,3.841458820694124
flat,1.4968392930772557e-11,0.014968392930772555,1.565462418243596,3.841458820694124
flat,1.5352750287804212e-11,0.015352750287804211,1.5637394563688347,3.841458820694124
flat,1.5746977146430866e-11,0.015746977146430866,1.5619732393628605,3.841458820694124
flat,1.61513269350309e-11,0.016151326935030897,1.5601627078577198,3.841458820694124
flat,1.6566059589499153e-11,0.016566059589499152,1.558306777953637,3.841458820694124
flat,1.699144172034626e-11,0.01699144172034626,1.556404340726982,3.841458820694124
flat,1.7427746784089174e-11,0.017427746784089173,1.55445426173453,3.841458820694124
flat,1.7875255259042354e-11,0.017875255259042353,1.552455380510933,3.841458820694124
flat,1.833425482562289e-11,0.018334254825622887,1.550406510063395,3.841458820694124
flat,1.8805040551285835e-11,0.018805040551285835,1.5483064363596604,3.841458820694124
flat,1.928791508020778e-11,0.019287915080207777,1.5461539178129564,3.841458820694124
flat,1.9783188827841624e-11,0.019783188827841622,1.5439476847628864,3.841458820694124
flat,2.029118018046678e-11,0.02029118018046678,1.5416864389520244,3.841458820694124
flat,2.0812215699863373e-11,0.02081221569986337,1.5393688530003935,3.841458820694124
flat,2.1346630333242453e-11,0.021346630333242453,1.5369935698767094,3.841458820694124
flat,2.189476762856621e-11,0.02189476762856621,1.5345592023674948,3.841458820694124
flat,2.2456979955397718e-11,0.022456979955397718,1.5320643325447083,3.841458820694124
flat,2.3033628731421313e-11,0.023033628731421313,1.529507511231821,3.841458820694124
flat,2.362508465477945e-11,0.02362508465477945,1.5268872574704644,3.841458820694124
flat,2.4231727942376006e-11,0.024231727942376005,1.5242020579863627,3.841458820694124
flat,2.4853948574297988e-11,0.024853948574297985,1.5214503666564818,3.841458820694124
flat,2.5492146544514258e-11,0.025492146544514257,1.518630603978251,3.841458820694124
flat,2.614673211801092e-11,0.02614673211801092,1.515741156541137,3.841458820694124
flat,2.681812609453013e-11,0.026818126094530128,1.5127803765020231,3.841458820694124
flat,2.7506760079080674e-11,0.027506760079080674,1.5097465810643989,3.841458820694124
flat,2.821307675939471e-11,0.028213076759394707,1.5066380519641267,3.841458820694124
flat,2.8937530190509532e-11,0.02893753019050953,1.503453034961315,3.841458820694124
flat,2.9680586086656026e-11,0.029680586086656024,1.5001897393395607,3.841458820694124
flat,3.0442722120643e-11,0.030442722120642998,1.4968463374157068,3.841458820694124
flat,3.122442823092858e-11,0.03122442823092858,1.493420964058913,3.841458820694124
flat,3.20262069365765e-11,0.0320262069365765,1.4899117162226176,3.841458820694124
flat,3.284857366030048e-11,0.03284857366030047,1.4863166524893034,3.841458820694124
flat,3.369205705980268e-11,0.033692057059802674,1.4826337926316517,3.841458820694124
flat,3.4557199367621366e-11,0.03455719936762136,1.4788611171893213,3.841458820694124
flat,3.544455673970436e-11,0.035444556739704355,1.4749965670668093,3.841458820694124
flat,3.6354699612933183e-11,0.03635469961293318,1.4710380431496184,3.841458820694124
flat,3.728821307182838e-11,0.03728821307182838,1.4669834059465643,3.841458820694124
flat,3.824569722467e-11,0.03824569722466999,1.4628304752553047,3.841458820694124
flat,3.922776758927716e-11,0.03922776758927716,1.4585770298570577,3.841458820694124
flat,4.023505548869293e-11,0.04023505548869293,1.4542208072420952,3.841458820694124
flat,4.1268208457029524e-11,0.04126820845702952,1.449759503367189,3.841458820694124
flat,4.232789065573553e-11,0.04232789065573553,1.4451907724515565,3.841458820694124
flat,4.341478330055093e-11,0.04341478330055092,1.4405122268109585,3.841458820694124
flat,4.452958509942651e-11,0.044529585099426505,1.4357214367339546,3.841458820694124
flat,4.5673012701687474e-11,0.04567301270168747,1.430815930407044,3.841458820694124
flat,4.684580115873045e-11,0.04684580115873045,1.4257931938869723,3.841458820694124
flat,4.804870439655134e-11,0.04804870439655134,1.4206506711299336,3.841458820694124
flat,4.928249570040514e-11,0.04928249570040513,1.4153857640772198,3.841458820694124
flat,5.0547968211912357e-11,0.050547968211912354,1.4099958328046964,3.841458820694124
flat,5.1845935438929136e-11,0.05184593543892913,1.4044781957398043,3.841458820694124
flat,5.317723177850967e-11,0.053177231778509665,1.3988301299512227,3.841458820694124
flat,5.454271305329837e-11,0.054542713053298365,1.3930488715167615,3.841458820694124
flat,5.594325706169378e-11,0.05594325706169378,1.3871316159745237,3.841458820694124
flat,5.737976414214128e-11,0.05737976414214128,1.3810755188653185,3.841458820694124
flat,5.885315775191451e-11,0.058853157751914506,1.3748776963686848,3.841458820694124
flat,6.036438506075864e-11,0.06036438506075864,1.368535226044824,3.841458820694124
flat,6.191441755977847e-11,0.06191441755977847,1.3620451476839328,3.841458820694124
flat,6.350425168595963e-11,0.06350425168595962,1.355404464274939,3.841458820694124
flat,6.513490946272796e-11,0.06513490946272796,1.3486101430986925,3.841458820694124
flat,6.680743915695615e-11,0.06680743915695615,1.3416591169561385,3.841458820694124
flat,6.852291595284057e-11,0.06852291595284057,1.3345482855387858,3.841458820694124
flat,7.028244264308353e-11,0.07028244264308353,1.327274516951856,3.841458820694124
flat,7.208715033782137e-11,0.07208715033782136,1.3198346494002702,3.841458820694124
flat,7.393819919175858e-11,0.07393819919175858,1.3122254930464632,3.841458820694124
flat,7.58367791499719e-11,0.0758367791499719,1.3044438320543479,3.841458820694124
flat,7.778411071286483e-11,0.07778411071286483,1.2964864268281973,3.841458820694124
flat,7.978144572076629e-11,0.07978144572076629,1.2883500164594586,3.841458820694124
flat,8.18300681586739e-11,0.0818300681586739,1.2800313213969439,3.841458820694124
flat,8.393129498166372e-11,0.08393129498166373,1.2715270463512516,3.841458820694124
flat,8.608647696149245e-11,0.08608647696149245,1.2628338834509005,3.841458820694124
flat,8.829699955494083e-11,0.08829699955494083,1.2539485156630534,3.841458820694124
flat,9.056428379445295e-11,0.09056428379445294,1.2448676204984297,3.841458820694124
flat,9.288978720164499e-11,0.09288978720164498,1.2355878740142374,3.841458820694124
flat,9.5275004724273e-11,0.095275004724273,1.2261059551364142,3.841458820694124
flat,9.772146969725725e-11,0.09772146969725724,1.2164185503196407,3.841458820694124
flat,1.0023075482838644e-10,0.10023075482838643,1.2065223585637888,3.841458820694124
flat,1.0280447320933098e-10,0.10280447320933098,1.196414096811399,3.841458820694124
flat,1.0544427935261684e-10,0.10544427935261684,1.1860905057466034,3.841458820694124
flat,1.0815187025522892e-10,0.10815187025522892,1.1755483560206992,3.841458820694124
flat,1.1092898648952229e-10,0.11092898648952228,1.1647844549292525,3.841458820694124
flat,1.1377741332214904e-10,0.11377741332214902,1.1537956535671334,3.841458820694124
flat,1.1669898186171475e-10,0.11669898186171475,1.1425788544912632,3.841458820694124
flat,1.1969557023590428e-10,0.11969557023590428,1.1311310199185307,3.841458820694124
flat,1.2276910479883606e-10,0.12276910479883604,1.119449180492036,3.841458820694124
flat,1.259215613694151e-10,0.1259215613694151,1.1075304446487872,3.841458820694124
flat,1.2915496650148827e-10,0.12915496650148828,1.0953720086217829,3.841458820694124
flat,1.3247139878661175e-10,0.13247139878661174,1.082971167116406,3.841458820694124
flat,1.3587299019027093e-10,0.1358729901902709,1.0703253246974707,3.841458820694124
flat,1.3936192742241436e-10,0.13936192742241435,1.05743200792915,3.841458820694124
flat,1.4294045334317611e-10,0.1429404533431761,1.0442888783103932,3.841458820694124
flat,1.4661086840469833e-10,0.1466108684046983,1.0308937460514789,3.841458820694124
flat,1.5037553212997386e-10,0.15037553212997384,1.0172445847407736,3.841458820694124
flat,1.5423686462966276e-10,0.15423686462966274,1.003339546950528,3.841458820694124
flat,1.5819734815786016e-10,0.15819734815786016,0.9891769808364602,3.841458820694124
flat,1.6225952870780873e-10,0.16225952870780871,0.9747554477861335,3.841458820694124
flat,1.664260176485902e-10,0.1664260176485902,0.9600737411786033,3.841458820694124
flat,1.7069949340384082e-10,0.1706994934038408,0.9451309063111031,3.841458820694124
flat,1.7508270317357234e-10,0.17508270317357233,0.9299262615681484,3.841458820694124
flat,1.795784647002097e-10,0.1795784647002097,0.9144594208926846,3.841458820694124
flat,1.841896680799711e-10,0.1841896680799711,0.8987303176401835,3.841458820694124
flat,1.8891927762076645e-10,0.18891927762076643,0.8827392298877984,3.841458820694124
flat,1.937703337477989e-10,0.1937703337477989,0.8664868072819553,3.841458820694124
flat,1.987459549580982e-10,0.1987459549580982,0.8499740995104648,3.841458820694124
flat,2.0384933982524642e-10,0.20384933982524642,0.8332025864863507,3.841458820694124
flat,2.09083769055575e-10,0.209083769055575,0.8161742103427122,3.841458820694124
flat,2.1445260759716653e-10,0.21445260759716653,0.798891409333792,3.841458820694124
flat,2.199593068030075e-10,0.2199593068030075,0.7813571537529026,3.841458820694124
flat,2.2560740664968595e-10,0.22560740664968593,0.7635749839722364,3.841458820694124
flat,2.314005380130654e-10,0.2314005380130654,0.7455490507277985,3.841458820694124
flat,2.3734242500238665e-10,0.23734242500238661,0.7272841577667978,3.841458820694124
flat,2.4343688735431083e-10,0.2434368873543108,0.7087858069916011,3.841458820694124
flat,2.496878428884327e-10,0.24968784288843268,0.6900602462340913,3.841458820694124
flat,2.5609931002584567e-10,0.2560993100258457,0.6711145198060475,3.841458820694124
flat,2.626754103723839e-10,0.26267541037238384,0.6519565219751874,3.841458820694124
flat,2.6942037136818825e-10,0.26942037136818825,0.6325950535283117,3.841458820694124
flat,2.7633852900531724e-10,0.27633852900531725,0.6130398815885115,3.841458820694124
flat,2.8343433061513093e-10,0.2834343306151309,0.593301802863308,3.841458820694124
flat,2.9071233772725753e-10,0.2907123377272575,0.573392710510154,3.841458820694124
flat,2.9817722900196737e-10,0.29817722900196736,0.5533256648149968,3.841458820694124
flat,3.058338032378432e-10,0.30583380323784315,0.5331149678920212,3.841458820694124
flat,3.13686982456688e-10,0.31368698245668797,0.5127762426185549,3.841458820694124
flat,3.217418150676372e-10,0.32174181506763716,0.49232651603794975,3.841458820694124
flat,3.300034791125282e-10,0.3300034791125282,0.4717843074689056,3.841458820694124
flat,3.384772855945983e-10,0.3384772855945983,0.4511697215744221,3.841458820694124
flat,3.4716868189265595e-10,0.34716868189265593,0.43050454666009474,3.841458820694124
flat,3.560832552629282e-10,0.35608325526292817,0.40981235847941266,3.841458820694124
flat,3.6522673643081755e-10,0.36522673643081754,0.3891186298446512,3.841458820694124
flat,3.7460500327489895e-10,0.37460500327489893,0.368450846352621,3.841458820694124
flat,3.8422408460550613e-10,0.3842240846055061,0.3478386285550106,3.841458820694124
flat,3.9409016404034475e-10,0.39409016404034475,0.3273138609162333,3.841458820694124
flat,4.0420958397963105e-10,0.404209583979631,0.3069108279239599,3.841458820694124
flat,4.1458884968329116e-10,0.4145888496832911,0.28666635773183774,3.841458820694124
flat,4.252346334528678e-10,0.42523463345286777,0.266619973739177,3.841458820694124
flat,4.3615377892080064e-10,0.4361537789208006,0.24681405453020905,3.841458820694124
flat,4.4735330544984636e-10,0.4473533054498463,0.2272940026152529,3.841458820694124
flat,4.5884041264547617e-10,0.45884041264547615,0.2081084224482381,3.841458820694124
flat,4.706224849841282e-10,0.4706224849841282,0.18930930820782332,3.841458820694124
flat,4.827070965603178e-10,0.4827070965603178,0.17095224186479233,3.841458820694124
flat,4.951020159556352e-10,0.49510201595563513,0.1530966020816399,3.841458820694124
flat,5.078152112327671e-10,0.5078152112327671,0.1358057845163036,3.841458820694124
flat,5.208548550577665e-10,0.5208548550577665,0.11914743413771536,3.841458820694124
flat,5.342293299538352e-10,0.5342293299538352,0.10319369018805483,3.841458820694124
flat,5.479472336900282e-10,0.5479472336900282,0.08802144445953924,3.841458820694124
flat,5.620173848083188e-10,0.5620173848083188,0.07371261359329952,3.841458820694124
flat,5.637333178118186e-10,0.5637333178118186,0.07205437715551884,3.841458820694124
flat,5.662543262151799e-10,0.5662543262151799,0.06965236302003841,3.841458820694124
flat,5.687753346185413e-10,0.5687753346185412,0.0672910798782747,3.841458820694124
flat,5.712963430219027e-10,0.5712963430219026,0.06497052707945053,3.841458820694124
flat,5.738173514252639e-10,0.5738173514252639,0.06269070397191268,3.841458820694124
flat,5.763383598286253e-10,0.5763383598286252,0.0604516099047582,3.841458820694124
flat,5.764488282925874e-10,0.5764488282925874,0.06035442613769575,3.841458820694124
flat,5.788593682319867e-10,0.5788593682319867,0.05825324422668084,3.841458820694124
flat,5.813803766353481e-10,0.581380376635348,0.05609560628653913,3.841458820694124
flat,5.839013850387094e-10,0.5839013850387094,0.053978695432888024,3.841458820694124
flat,5.864223934420707e-10,0.5864223934420707,0.05190251101441692,3.841458820694124
flat,5.889434018454321e-10,0.588943401845432,0.049867052379628726,3.841458820694124
flat,5.912508413831882e-10,0.5912508413831882,0.04803972514733079,3.841458820694124
flat,5.914644102487934e-10,0.5914644102487934,0.04787231887711744,3.841458820694124
flat,5.939854186521548e-10,0.5939854186521547,0.04591830985546837,3.841458820694124
flat,5.96506427055516e-10,0.596506427055516,0.04400502466305866,3.841458820694124
flat,5.990274354588774e-10,0.5990274354588774,0.042132462648412916,3.841458820694124
flat,6.015484438622388e-10,0.6015484438622387,0.040300623159795525,3.841458820694124
flat,6.040694522656001e-10,0.6040694522656,0.03850950554561833,3.841458820694124
flat,6.064329395408062e-10,0.6064329395408061,0.036867287142362294,3.841458820694124
flat,6.065904606689614e-10,0.6065904606689614,0.036759109154076326,3.841458820694124
flat,6.091114690723228e-10,0.6091114690723228,0.03504943333364208,3.841458820694124
flat,6.116324774756842e-10,0.6116324774756842,0.03338047743240216,3.841458820694124
flat,6.141534858790456e-10,0.6141534858790455,0.03175224079825668,3.841458820694124
flat,6.166744942824068e-10,0.6166744942824068,0.030164722779617466,3.841458820694124
flat,6.191955026857682e-10,0.6191955026857682,0.028617922724506056,3.841458820694124
flat,6.217165110891295e-10,0.6217165110891295,0.02711183998095265,3.841458820694124
flat,6.220048825634706e-10,0.6220048825634705,0.026942158290379353,3.841458820694124
flat,6.242375194924909e-10,0.6242375194924908,0.025646473896887706,3.841458820694124
flat,6.267585278958523e-10,0.6267585278958522,0.02422182382028938,3.841458820694124
flat,6.292795362992135e-10,0.6292795362992135,0.022837889098910324,3.841458820694124
flat,6.318005447025749e-10,0.6318005447025749,0.02149466908095421,3.841458820694124
flat,6.343215531059362e-10,0.6343215531059362,0.020192163113913475,3.841458820694124
flat,6.368425615092977e-10,0.6368425615092976,0.018930370545692556,3.841458820694124
flat,6.379766808606283e-10,0.6379766808606282,0.01837600871807364,3.841458820694124
flat,6.39363569912659e-10,0.639363569912659,0.01770929072391833,3.841458820694124
flat,6.418845783160203e-10,0.6418845783160203,0.01652892299648656,3.841458820694124
flat,6.444055867193817e-10,0.6444055867193816,0.015389266710807287,3.841458820694124
flat,6.46926595122743e-10,0.646926595122743,0.014290321214524733,3.841458820694124
flat,6.494476035261043e-10,0.6494476035261043,0.01323208585508797,3.841458820694124
flat,6.519686119294657e-10,0.6519686119294656,0.012214559980301687,3.841458820694124
flat,6.54358601888323e-10,0.654358601888323,0.011287505908242831,3.841458820694124
flat,6.54489620332827e-10,0.654489620332827,0.011237742937528217,3.841458820694124
flat,6.570106287361884e-10,0.6570106287361883,0.010301634074064842,3.841458820694124
flat,6.595316371395497e-10,0.6595316371395497,0.0094062327372392,3.841458820694124
flat,6.62052645542911e-10,0.662052645542911,0.008551538274500364,3.841458820694124
flat,6.645736539462724e-10,0.6645736539462723,0.007737550033076225,3.841458820694124
flat,6.670946623496337e-10,0.6670946623496337,0.006964267360437537,3.841458820694124
flat,6.696156707529952e-10,0.6696156707529951,0.006231689603378512,3.841458820694124
flat,6.711611767496288e-10,0.6711611767496287,0.0058027081837556255,3.841458820694124
flat,6.721366791563564e-10,0.6721366791563564,0.0055398161093568946,3.841458820694124
flat,6.746576875597178e-10,0.6746576875597178,0.00488864622541843,3.841458820694124
flat,6.771786959630792e-10,0.6771786959630791,0.0042781792986825926,3.841458820694124
flat,6.796997043664405e-10,0.6796997043664404,0.0037084146760433395,3.841458820694124
flat,6.822207127698018e-10,0.6822207127698018,0.0031793517044943764,3.841458820694124
flat,6.847417211731631e-10,0.6847417211731631,0.002690989731220228,3.841458820694124
flat,6.872627295765245e-10,0.6872627295765245,0.0022433281027852553,3.841458820694124
flat,6.883952069645497e-10,0.6883952069645496,0.0020554793370803834,3.841458820694124
flat,6.897837379798859e-10,0.6897837379798858,0.0018363661662482156,3.841458820694124
flat,6.923047463832473e-10,0.6923047463832472,0.0014701032683903104,3.841458820694124
flat,6.948257547866086e-10,0.6948257547866086,0.0011445387559320258,3.841458820694124
flat,6.973467631899699e-10,0.6973467631899699,0.0008596719755201224,3.841458820694124
flat,6.998677715933313e-10,0.6998677715933312,0.0006155022740312113,3.841458820694124
flat,7.023887799966927e-10,0.7023887799966926,0.0004120289980123065,3.841458820694124
flat,7.049097884000539e-10,0.7049097884000539,0.00024925149394103285,3.841458820694124
flat,7.060717714137766e-10,0.7060717714137765,0.00018792551516235573,3.841458820694124
flat,7.074307968034153e-10,0.7074307968034153,0.0001271691084901716,3.841458820694124
flat,7.099518052067766e-10,0.7099518052067766,4.578118809831638e-05,3.841458820694124
flat,7.12472813610138e-10,0.7124728136101379,5.087079355849122e-06,3.841458820694124
flat,7.137333178118187e-10,0.7137333178118186,0.0,3.841458820694124
flat,7.149938220134993e-10,0.7149938220134993,5.086128488859809e-06,3.841458820694124
flat,7.175148304168606e-10,0.7175148304168606,4.5777682087730365e-05,3.841458820694124
flat,7.20035838820222e-10,0.7200358388202219,0.00012716108633084588,3.841458820694124
flat,7.225568472235833e-10,0.7225568472235833,0.0002492356874703172,3.841458820694124
flat,7.242022334607316e-10,0.7242022334607315,0.0003508555261426405,3.841458820694124
flat,7.250778556269447e-10,0.7250778556269446,0.00041200083194040116,3.841458820694124
flat,7.27598864030306e-10,0.7275988640303059,0.0006154558657069792,3.841458820694124
flat,7.301198724336674e-10,0.7301198724336674,0.0008596001350828775,3.841458820694124
flat,7.326408808370288e-10,0.7326408808370287,0.001144432986133724,3.841458820694124
flat,7.351618892403901e-10,0.73516188924039,0.0014699537648991262,3.841458820694124
flat,7.376828976437514e-10,0.7376828976437514,0.0018361618174577224,3.841458820694124
flat,7.402039060471128e-10,0.7402039060471127,0.002243056489779731,3.841458820694124
flat,7.427249144504741e-10,0.7427249144504741,0.0026906371277573074,3.841458820694124
flat,7.427982482564912e-10,0.7427982482564911,0.0027042658007781634,3.841458820694124
flat,7.452459228538355e-10,0.7452459228538354,0.003178903077482101,3.841458820694124
flat,7.477669312571967e-10,0.7477669312571967,0.003707853684416923,3.841458820694124
flat,7.502879396605581e-10,0.7502879396605581,0.004277488294826895,3.841458820694124
flat,7.528089480639196e-10,0.7528089480639195,0.004887806254096766,3.841458820694124
flat,7.553299564672809e-10,0.7553299564672808,0.00553880690816206,3.841458820694124
flat,7.578509648706423e-10,0.7578509648706422,0.006230489602758807,3.841458820694124
flat,7.603719732740035e-10,0.7603719732740035,0.00696285368317201,3.841458820694124
flat,7.618717702322999e-10,0.7618717702322999,0.007417851296750988,3.841458820694124
flat,7.628929816773649e-10,0.7628929816773649,0.007735898495493318,3.841458820694124
flat,7.654139900807262e-10,0.7654139900807262,0.008549623384747525,3.841458820694124
flat,7.679349984840876e-10,0.7679349984840875,0.009404027696922196,3.841458820694124
flat,7.704560068874489e-10,0.7704560068874489,0.010299110777068146,3.841458820694124
flat,7.729770152908102e-10,0.7729770152908102,0.011234871970999469,3.841458820694124
flat,7.754980236941716e-10,0.7754980236941715,0.012211310623606517,3.841458820694124
flat,7.780190320975329e-10,0.7780190320975329,0.013228426080807466,3.841458820694124
flat,7.805400405008942e-10,0.7805400405008942,0.01428621768726282,3.841458820694124
flat,7.814350607844543e-10,0.7814350607844542,0.014671543706614408,3.841458820694124
flat,7.830610489042556e-10,0.7830610489042555,0.015384684788825702,3.841458820694124
flat,7.855820573076169e-10,0.7855820573076169,0.016523826730247687,3.841458820694124
flat,7.881030657109784e-10,0.7881030657109783,0.017703642856753063,3.841458820694124
flat,7.906240741143397e-10,0.7906240741143397,0.018924132513730915,3.841458820694124
flat,7.93145082517701e-10,0.793145082517701,0.020185295045928482,3.841458820694124
flat,7.956660909210624e-10,0.7956660909210623,0.021487129798526683,3.841458820694124
flat,7.981870993244237e-10,0.7981870993244237,0.022829636116515617,3.841458820694124
flat,8.007081077277851e-10,0.800708107727785,0.024212813344855026,3.841458820694124
flat,8.015006961565398e-10,0.8015006961565397,0.02465607840080892,3.841458820694124
flat,8.032291161311463e-10,0.8032291161311463,0.02563666082837021,3.841458820694124
flat,8.057501245345077e-10,0.8057501245345077,0.027101177911856116,3.841458820694124
flat,8.082711329378691e-10,0.808271132937869,0.02860636394015105,3.841458820694124
flat,8.107921413412305e-10,0.8107921413412305,0.030152218258349198,3.841458820694124
flat,8.133131497445919e-10,0.8133131497445918,0.03173874021079014,3.841458820694124
flat,8.158341581479531e-10,0.8158341581479531,0.033365929142221105,3.841458820694124
flat,8.183551665513145e-10,0.8183551665513145,0.03503378439723322,3.841458820694124
flat,8.208761749546759e-10,0.8208761749546758,0.03674230532058238,3.841458820694124
flat,8.220815755240541e-10,0.822081575524054,0.03757359160541651,3.841458820694124
flat,8.233971833580372e-10,0.8233971833580371,0.03849149125672961,3.841458820694124
flat,8.259181917613985e-10,0.8259181917613985,0.04028134155018362,3.841458820694124
flat,8.284392001647598e-10,0.8284392001647598,0.04211185554550082,3.841458820694124
flat,8.309602085681212e-10,0.8309602085681211,0.04398303258700345,3.841458820694124
flat,8.334812169714826e-10,0.8334812169714825,0.045894872018922665,3.841458820694124
flat,8.360022253748438e-10,0.8360022253748438,0.04784737318601871,3.841458820694124
flat,8.385232337782052e-10,0.8385232337782051,0.04984053543195463,3.841458820694124
flat,8.410442421815665e-10,0.8410442421815665,0.051874358101516686,3.841458820694124
flat,8.431909292866251e-10,0.8431909292866251,0.05363824939724586,3.841458820694124
flat,8.435652505849279e-10,0.8435652505849278,0.053948840538888335,3.841458820694124
flat,8.460862589882893e-10,0.8460862589882892,0.056063982087810674,3.841458820694124
flat,8.486072673916505e-10,0.8486072673916505,0.05821978209283145,3.841458820694124
flat,8.51128275795012e-10,0.8511282757950119,0.060416239897765484,3.841458820694124
flat,8.536492841983733e-10,0.8536492841983733,0.06265335484673118,3.841458820694124
flat,8.561702926017347e-10,0.8561702926017346,0.0649311262835954,3.841458820694124
flat,8.58691301005096e-10,0.8586913010050959,0.06724955355258064,3.841458820694124
flat,8.612123094084573e-10,0.8612123094084573,0.06960863599725017,3.841458820694124
flat,8.637333178118187e-10,0.8637333178118186,0.07200837296174409,3.841458820694124
flat,8.648423275731728e-10,0.8648423275731727,0.07307691018011708,3.841458820694124
flat,8.870496889654404e-10,0.8870496889654403,0.09612982238705724,3.841458820694124
flat,9.098272894455568e-10,0.9098272894455568,0.12305135924934284,3.841458820694124
flat,9.33189771573324e-10,0.9331897715733238,0.15411079256362653,3.841458820694124
flat,9.571521538991857e-10,0.9571521538991856,0.18959310748962402,3.841458820694124
flat,9.817298406188841e-10,0.9817298406188841,0.2297998605158436,3.841458820694124
flat,1.0069386314760272e-09,1.0069386314760271,0.27505008283813454,3.841458820694124
flat,1.0327947319189526e-09,1.0327947319189525,0.32568123151315714,3.841458820694124
flat,1.05931476351837e-09,1.05931476351837,0.38205019087188347,3.841458820694124
flat,1.0865157746525374e-09,1.0865157746525373,0.44453432679922994,3.841458820694124
flat,1.1144152514667882e-09,1.1144152514667882,0.5135325966272238,3.841458820694124
flat,1.1430311291144785e-09,1.1430311291144786,0.5894667175246684,3.841458820694124
flat,1.1723818032866e-09,1.1723818032865998,0.6727823964135454,3.841458820694124
flat,1.2024861420374123e-09,1.2024861420374122,0.7639506246023137,3.841458820694124
flat,1.2333634979137747e-09,1.2333634979137746,0.8634690404824875,3.841458820694124
flat,1.2650337203959039e-09,1.265033720395904,0.971863363809838,3.841458820694124
flat,1.2975171686575869e-09,1.2975171686575868,1.0896889052703587,3.841458820694124
flat,1.3308347246540763e-09,1.3308347246540762,1.2175321552195753,3.841458820694124
flat,1.3650078065460139e-09,1.3650078065460138,1.3560124556793096,3.841458820694124
flat,1.4000583824680963e-09,1.400058382468096,1.505783759888279,3.841458820694124
flat,1.4360089846512609e-09,1.4360089846512607,1.66753648391619,3.841458820694124
flat,1.4728827239075019e-09,1.4728827239075017,1.8419994550843057,3.841458820694124
flat,1.5107033044866557e-09,1.5107033044866556,2.0299419621708656,3.841458820694124
flat,1.5494950393146318e-09,1.5494950393146316,2.2321759126380654,3.841458820694124
flat,1.5892828656229764e-09,1.5892828656229763,2.44955810237465,3.841458820694124
flat,1.6300923609797411e-09,1.630092360979741,2.6829926037352876,3.841458820694124
flat,1.6719497597319885e-09,1.6719497597319883,2.9334332779381005,3.841458820694124
flat,1.714881969870541e-09,1.7148819698705409,3.201886418198402,3.841458820694124
flat,1.7589165903277328e-09,1.7589165903277326,3.48941353029166,3.841458820694124
flat,1.804081928719381e-09,1.804081928719381,3.7971342575741915,3.841458820694124
flat,1.8504070195423023e-09,1.8504070195423021,4.12622945784986,3.841458820694124
flat,1.8979216428390996e-09,1.8979216428390995,4.4779444398331805,3.841458820694124
flat,1.946656343342263e-09,1.9466563433422632,4.853592367355165,3.841458820694124
flat,1.9966424501097935e-09,1.9966424501097935,5.254557839859796,3.841458820694124
flat,2.0479120966650833e-09,2.0479120966650832,5.682300658170092,3.841458820694124
flat,2.1004982416539157e-09,2.1004982416539155,6.13835978494793,3.841458820694124
flat,2.154434690031882e-09,2.154434690031882,6.6243575097442005,3.841458820694124
flat,2.2097561147959033e-09,2.209756114795903,7.142003829022818,3.841458820694124
flat,2.266498079273693e-09,2.266498079273693,7.693101052065171,3.841458820694124
flat,2.3246970599856453e-09,2.3246970599856454,8.27954864419367,3.841458820694124
flat,2.384390470093721e-09,2.3843904700937206,8.90334831932578,3.841458820694124
flat,2.4456166834524444e-09,2.445616683452444,9.566609394459679,3.841458820694124
flat,2.5084150592775415e-09,2.5084150592775414,10.27155441931315,3.841458820694124
flat,2.5728259674479325e-09,2.5728259674479323,11.020525094991552,3.841458820694124
flat,2.638890814457508e-09,2.6388908144575076,11.815988496237583,3.841458820694124
flat,2.7066520700332418e-09,2.7066520700332415,12.660543612529858,3.841458820694124
flat,2.776153294436798e-09,2.776153294436798,13.556928224045189,3.841458820694124
flat,2.8474391664672477e-09,2.8474391664672476,14.508026129279385,3.841458820694124
flat,2.920555512182745e-09,2.920555512182745,15.516874741936343,3.841458820694124
flat,2.9955493343598165e-09,2.9955493343598163,16.586673075553733,3.841458820694124
flat,3.0724688427090037e-09,3.0724688427090037,17.72079013522527,3.841458820694124
flat,3.1513634848664764e-09,3.151363484866476,18.922773736714014,3.841458820694124
flat,3.232283978181381e-09,3.2322839781813806,20.196359774228906,3.841458820694124
flat,3.3152823423194234e-09,3.3152823423194233,21.545481959158625,3.841458820694124
flat,3.4004119327037097e-09,3.4004119327037095,22.9742820531213,3.841458820694124
flat,3.487727474814178e-09,3.4877274748141778,24.487120619806813,3.841458820694124
flat,3.57728509936787e-09,3.5772850993678698,26.088588321248007,3.841458820694124
flat,3.6691423784024945e-09,3.669142378402494,27.783517785375825,3.841458820694124
flat,3.763358362286533e-09,3.7633583622865325,29.576996072977277,3.841458820694124
flat,3.859993617679771e-09,3.859993617679771,31.47437777350443,3.841458820694124
flat,3.959110266468459e-09,3.9591102664684588,33.48129876055286,3.841458820694124
flat,4.060772025700361e-09,4.060772025700361,35.6036906392754,3.841458820694124
flat,4.165044248545186e-09,4.165044248545185,37.84779591949268,3.841458820694124
flat,4.271993966306777e-09,4.271993966306777,40.22018394981628,3.841458820694124
flat,4.3816899315141945e-09,4.381689931514194,42.72776764974537,3.841458820694124
flat,4.494202662119143e-09,4.494202662119142,45.37782107836291,3.841458820694124
flat,4.609604486828429e-09,4.609604486828429,48.177997880047464,3.841458820694124
flat,4.727969591600391e-09,4.727969591600391,51.136350649424564,3.841458820694124
flat,4.8493740673352334e-09,4.8493740673352335,54.26135125969458,3.841458820694124
flat,4.973895958790068e-09,4.9738959587900675,57.561912200456426,3.841458820694124
flat,5.1016153147498344e-09,5.101615314749834,61.047408973182435,3.841458820694124
flat,5.232614239486657e-09,5.232614239486656,64.72770359464793,3.841458820694124
flat,5.366976945540477e-09,5.366976945540476,68.61316926081092,3.841458820694124
flat,5.504789807854968e-09,5.5047898078549675,72.71471622593019,3.841458820694124
flat,5.646141419303673e-09,5.646141419303673,77.04381895409156,3.841458820694124
flat,5.791122647641759e-09,5.7911226476417585,81.61254460272878,3.841458820694124
flat,5.939826693920351e-09,5.939826693920351,86.43358290030004,3.841458820694124
flat,6.092349152400712e-09,6.092349152400711,91.52027748286055,3.841458820694124
flat,6.248788072006888e-09,6.248788072006888,96.88665875699088,3.841458820694124
flat,6.409244019356458e-09,6.409244019356457,102.54747835931832,3.841458820694124
flat,6.573820143409585e-09,6.573820143409585,108.5182452857222,3.841458820694124
flat,6.742622241778336e-09,6.742622241778335,114.81526376627421,3.841458820694124
flat,6.915758828738526e-09,6.915758828738525,121.455672964977,3.841458820694124
flat,7.09334120498799e-09,7.09334120498799,128.4574885864658,3.841458820694124
flat,7.275483529196233e-09,7.275483529196233,135.8396464750262,3.841458820694124
flat,7.462302891391108e-09,7.462302891391108,143.62204829450968,3.841458820694124
flat,7.65391938823014e-09,7.65391938823014,151.82560938106656,3.841458820694124
flat,7.85045620020451e-09,7.850456200204509,160.4723088639583,3.841458820694124
flat,8.052039670825471e-09,8.05203967082547,169.58524215317317,3.841458820694124
flat,8.258799387844272e-09,8.258799387844272,179.1886758960427,3.841458820694124
flat,8.470868266557403e-09,8.470868266557403,189.3081055085405,3.841458820694124
flat,8.688382635251176e-09,8.688382635251175,199.97031539055638,3.841458820694124
flat,8.911482322840203e-09,8.911482322840202,211.20344193793588,3.841458820694124
flat,9.140310748756223e-09,9.140310748756223,223.0370394676947,3.841458820694124
flat,9.37501501514529e-09,9.375015015145289,235.50214917637044,3.841458820694124
flat,9.615746001432096e-09,9.615746001432095,248.6313712549803,3.841458820694124
flat,9.862658461312831e-09,9.862658461312831,262.45894028759636,3.841458820694124
flat,1.0115911122238298e-08,10.115911122238298,277.0208040639084,3.841458820694124
flat,1.037566678745185e-08,10.375666787451848,292.3547059395531,3.841458820694124
flat,1.0642092440647225e-08,10.642092440647225,308.50027088112193,3.841458820694124
flat,1.0915359353313934e-08,10.915359353313933,325.4990953359062,3.841458820694124
flat,1.1195643194838795e-08,11.195643194838794,343.3948410692518,3.841458820694124
flat,1.1483124145435111e-08,11.483124145435111,362.23333311515614,3.841458820694124
flat,1.1777987011971182e-08,11.777987011971181,382.0626619880398,3.841458820694124
flat,1.2080421346773265e-08,12.080421346773264,402.9332903058393,3.841458820694124
flat,1.2390621569479183e-08,12.390621569479181,424.89816397625674,3.841458820694124
flat,1.2708787092020595e-08,12.708787092020595,448.0128280993598,3.841458820694124
flat,1.303512244681509e-08,13.03512244681509,472.3355477406555,3.841458820694124
flat,1.3369837418249452e-08,13.369837418249451,497.927433728998,3.841458820694124
flat,1.3713147177539428e-08,13.713147177539428,524.85257363353,3.841458820694124
flat,1.4065272421052395e-08,14.065272421052393,553.178168072846,3.841458820694124
flat,1.4426439512181589e-08,14.426439512181588,582.9746725078428,3.841458820694124
flat,1.4796880626863964e-08,14.796880626863963,614.315944667184,3.841458820694124
flat,1.517683390283404e-08,15.176833902834039,647.2793977506115,3.841458820694124
flat,1.556654359271059e-08,15.56654359271059,681.9461595508517,3.841458820694124
flat,1.5966260221014284e-08,15.966260221014284,718.4012376288675,3.841458820694124
flat,1.637624074521689e-08,16.37624074521689,756.7336906700951,3.841458820694124
flat,1.679674872092653e-08,16.79674872092653,797.0368061406765,3.841458820694124
flat,1.7228054471313922e-08,17.22805447131392,839.4082843522606,3.841458820694124
flat,1.7670435260889432e-08,17.67043526088943,883.9504290320415,3.841458820694124
flat,1.8124175473742394e-08,18.124175473742394,930.7703444805427,3.841458820694124
flat,1.8589566796356885e-08,18.589566796356884,979.9801393834382,3.841458820694124
flat,1.906690840512252e-08,19.06690840512252,1031.6971373252895,3.841458820694124
flat,1.955650715865947e-08,19.55650715865947,1086.0440940316842,3.841458820694124
flat,2.00586777950823e-08,20.0586777950823,1143.1494213425863,3.841458820694124
flat,2.0573743134329162e-08,20.57374313432916,1203.1474178925798,3.841458820694124
flat,2.110203428568597e-08,21.102034285685967,1266.178506443408,3.841458820694124
flat,2.1643890860640207e-08,21.643890860640205,1332.3894777805554,3.841458820694124
flat,2.2199661191199524e-08,22.199661191199525,1401.933741047595,3.841458820694124
flat,2.2769702553816755e-08,22.769702553816753,1474.97158035051,3.841458820694124
flat,2.3354381399064817e-08,23.354381399064817,1551.6704174177323,3.841458820694124
flat,2.3954073587208794e-08,23.954073587208793,1632.2050800505092,3.841458820694124
flat,2.4569164629827904e-08,24.569164629827903,1716.7580760423152,3.841458820694124
flat,2.5200049937640895e-08,25.200049937640895,1805.5198721839367,3.841458820694124
flat,2.5847135074695587e-08,25.847135074695586,1898.6891779038508,3.841458820694124
flat,2.6510836019085418e-08,26.510836019085417,1996.4732330197,3.841458820694124
flat,2.719157943036019e-08,27.19157943036019,2099.0880989966113,3.841458820694124
flat,2.7889802923804397e-08,27.889802923804396,2206.758953021375,3.841458820694124
flat,2.860595535175739e-08,28.60595535175739,2319.7203841070027,3.841458820694124
flat,2.9340497092157813e-08,29.34049709215781,2438.2166903408934,3.841458820694124
flat,3.0093900344497246e-08,30.093900344497243,2562.5021762802094,3.841458820694124
flat,3.0866649433372746e-08,30.866649433372746,2692.841449380309,3.841458820694124
flat,3.1659241119835204e-08,31.659241119835205,2829.5097142165423,3.841458820694124
flat,3.247218492073125e-08,32.47218492073125,2972.7930631244417,3.841458820694124
flat,3.330600343624582e-08,33.30600343624582,3122.988761740608,3.841458820694124
flat,3.416123268585532e-08,34.16123268585532,3280.4055277740977,3.841458820694124
flat,3.503842245290676e-08,35.03842245290676,3445.3638011768576,3.841458820694124
flat,3.593813663804626e-08,35.93813663804626,3618.196003712456,3.841458820694124
flat,3.6860953621721545e-08,36.86095362172154,3799.2467857428114,3.841458820694124
flat,3.7807466635993417e-08,37.807466635993414,3988.8732578666463,3.841458820694124
flat,3.877828414589461e-08,38.77828414589461,4187.445204847984,3.841458820694124
flat,3.977403024058037e-08,39.774030240580366,4395.345279070831,3.841458820694124
flat,4.079534503452449e-08,40.79534503452449,4612.969170548035,3.841458820694124
flat,4.184288507901576e-08,41.84288507901576,4840.7257502969915,3.841458820694124
flat,4.291732378422149e-08,42.91732378422149,5079.037183677147,3.841458820694124
flat,4.401935185208879e-08,44.01935185208879,5328.339010062236,3.841458820694124
flat,4.514967772036102e-08,45.14967772036102,5589.080184997287,3.841458820694124
flat,4.6309028017997376e-08,46.30902801799737,5861.723080769415,3.841458820694124
flat,4.749814803228495e-08,47.49814803228495,6146.743441101537,3.841458820694124
flat,4.871780218794622e-08,48.71780218794621,6444.630285466861,3.841458820694124
flat,4.99687745385489e-08,49.96877453854889,6755.885758317856,3.841458820694124
flat,5.125186927053333e-08,51.25186927053333,7081.024918332438,3.841458820694124
flat,5.2567911220184196e-08,52.56791122018419,7420.575462606868,3.841458820694124
flat,5.391774640387495e-08,53.91774640387494,7775.077380569763,3.841458820694124
flat,5.5302242561929114e-08,55.30224256192911,8145.082532265691,3.841458820694124
flat,5.67222897164455e-08,56.722289716445495,8531.15414555872,3.841458820694124
flat,5.817880074344935e-08,58.17880074344935,8933.866226747803,3.841458820694124
flat,5.967271195973311e-08,59.67271195973311,9353.802879066394,3.841458820694124
flat,6.120498372476691e-08,61.204983724766905,9791.55752357261,3.841458820694124
flat,6.277660105806513e-08,62.776601058065125,10247.732017023094,3.841458820694124
flat,6.438857427240426e-08,64.38857427240426,10722.935661474572,3.841458820694124
flat,6.604193962330306e-08,66.04193962330305,11217.78410058034,3.841458820694124
flat,6.773775997517746e-08,67.73775997517745,11732.898097845904,3.841458820694124
flat,6.947712548460226e-08,69.47712548460225,12268.902192495572,3.841458820694124
flat,7.12611543011176e-08,71.2611543011176,12826.423229078307,3.841458820694124
flat,7.30909932860292e-08,73.09099328602919,13406.088757518808,3.841458820694124
flat,7.496781874966877e-08,74.96781874966877,14008.525301005835,3.841458820694124
flat,7.689283720758306e-08,76.89283720758306,14634.356489903437,3.841458820694124
flat,7.886728615614141e-08,78.8672861561414,15284.201060788022,3.841458820694124
flat,8.089243486805955e-08,80.89243486805955,15958.670720747967,3.841458820694124
flat,8.296958520834915e-08,82.96958520834914,16658.367878241716,3.841458820694124
flat,8.510007247122247e-08,85.10007247122246,17383.883243096465,3.841458820694124
flat,8.72852662384837e-08,87.2852662384837,18135.793299632856,3.841458820694124
flat,8.952657125996383e-08,89.52657125996383,18914.657658432254,3.841458820694124
flat,9.182542835656301e-08,91.82542835656301,19721.016293901514,3.841458820694124
flat,9.41833153464796e-08,94.1833153464796,20555.386676535705,3.841458820694124
flat,9.660174799522647e-08,96.60174799522646,21418.260810619708,3.841458820694124
flat,9.908228099003787e-08,99.08228099003787,22310.102190020305,3.841458820694124
flat,1.0162650893929932e-07,101.62650893929931,23231.342686698168,3.841458820694124
flat,1.0423606739764033e-07,104.23606739764033,24182.379388575046,3.841458820694124
flat,1.0691263391734772e-07,106.91263391734772,25163.57140540932,3.841458820694124
flat,1.0965792912678099e-07,109.65792912678099,26175.236663333297,3.841458820694124
flat,1.1247371783647508e-07,112.47371783647507,27217.64871064288,3.841458820694124
flat,1.1536181017364761e-07,115.36181017364761,28291.03355928831,3.841458820694124
flat,1.1832406274583806e-07,118.32406274583805,29395.566588233865,3.841458820694124
flat,1.2136237983442417e-07,121.36237983442417,30531.369536405182,3.841458820694124
flat,1.2447871461879064e-07,124.47871461879062,31698.507614283244,3.841458820694124
flat,1.2767507043192645e-07,127.67507043192644,32896.986764275825,3.841458820694124
flat,1.3095350204826652e-07,130.9535020482665,34126.7511007806,3.841458820694124
flat,1.3431611700460182e-07,134.3161170046018,35387.6805612832,3.841458820694124
flat,1.377650769549055e-07,137.7650769549055,36679.588799882535,3.841458820694124
flat,1.4130259905995337e-07,141.30259905995337,38002.22135426992,3.841458820694124
flat,1.4493095741262153e-07,144.93095741262152,39355.25411636037,3.841458820694124
flat,1.4865248449978542e-07,148.6524844997854,40738.29213548599,3.841458820694124
flat,1.5246957270175764e-07,152.4695727017576,42150.868781269164,3.841458820694124
flat,1.563846758302248e-07,156.38467583022478,43592.44529100471,3.841458820694124
flat,1.60400310705682e-07,160.400310705682,45062.410723597255,3.841458820694124
flat,1.645190587753661e-07,164.5190587753661,46560.0823388174,3.841458820694124
flat,1.6874356777273724e-07,168.74356777273724,48084.70641691063,3.841458820694124
flat,1.730765534195728e-07,173.07655341957278,49635.459529421125,3.841458820694124
flat,1.775208011717636e-07,177.5208011717636,51211.45026754404,3.841458820694124
flat,1.8207916800994626e-07,182.07916800994624,52811.72142945165,3.841458820694124
flat,1.8675458427610742e-07,186.7545842761074,54435.2526629005,3.841458820694124
flat,1.9155005555735242e-07,191.5500555573524,56080.96355412846,3.841458820694124
flat,1.9646866461804488e-07,196.46866461804487,57747.717148646494,3.841458820694124
flat,2.0151357338155586e-07,201.51357338155586,59434.32388412998,3.841458820694124
flat,2.066880249629082e-07,206.6880249629082,61139.54591031779,3.841458820694124
flat,2.119953457536069e-07,211.9953457536069,62862.10176571061,3.841458820694124
flat,2.1743894756000759e-07,217.43894756000756,64600.67137605544,3.841458820694124
flat,2.230223297965941e-07,223.02232979659408,66353.90133517256,3.841458820694124
flat,2.287490817355704e-07,228.7490817355704,68120.41042473377,3.841458820694124
flat,2.3462288481422625e-07,234.62288481422624,69898.79532621788,3.841458820694124
flat,2.406475150015422e-07,240.64751500154216,71687.63647550366,3.841458820694124
flat,2.468268452255688e-07,246.82684522556875,73485.50400850095,3.841458820694124
flat,2.531648478631358e-07,253.1648478631358,75290.96374488389,3.841458820694124
flat,2.5966559729348724e-07,259.6655972934872,77102.58315642034,3.841458820694124
flat,2.663332725174981e-07,266.3332725174981,78918.93726660708,3.841458820694124
flat,2.7317215984413737e-07,273.17215984413735,80738.6144292945,3.841458820694124
flat,2.8018665564591896e-07,280.18665564591896,82560.22193573455,3.841458820694124
flat,2.8738126918510695e-07,287.38126918510693,84382.39140194126,3.841458820694124
flat,2.947606255124859e-07,294.7606255124859,86203.78389138477,3.841458820694124
flat,3.0232946844057763e-07,302.3294684405776,88023.09473178769,3.841458820694124
flat,3.100926635931924e-07,310.09266359319236,89839.05798905679,3.841458820694124
flat,3.1805520153329135e-07,318.0552015332913,91650.45056611986,3.841458820694124
flat,3.262222009711673e-07,326.2222009711673,93456.09589951886,3.841458820694124
flat,3.345989120549975e-07,334.59891205499747,95254.86723196134,3.841458820694124
flat,3.431907197459043e-07,343.1907197459043,97045.69044455832,3.841458820694124
flat,3.520031472796676e-07,352.00314727966753,98827.54643805443,3.841458820694124
flat,3.61041859717333e-07,361.041859717333,100599.47305793078,3.841458820694124
flat,3.703126675869931e-07,370.3126675869931,102360.56656370209,3.841458820694124
flat,3.7982153061907363e-07,379.8215306190736,104109.98264797346,3.841458820694124
flat,3.8957456157755014e-07,389.5745615775501,105846.9370157954,3.841458820694124
flat,3.9957803018952657e-07,399.57803018952654,107570.70553946112,3.841458820694124
flat,4.098383671757253e-07,409.8383671757253,109280.62400811138,3.841458820694124
flat,4.2036216838447187e-07,420.36216838447183,110976.08749525833,3.841458820694124
flat,4.3115619903182285e-07,431.15619903182284,112656.5493705998,3.841458820694124
flat,4.422273980505898e-07,442.2273980505897,114321.51998523607,3.841458820694124
flat,4.5358288255101816e-07,453.58288255101814,115970.56506158882,3.841458820694124
flat,4.65229952396018e-07,465.22995239601795,117603.30382098148,3.841458820694124
flat,4.771760948938751e-07,477.1760948938751,119219.40688294178,3.841458820694124
flat,4.894289896114532e-07,489.4289896114532,120818.59397086162,3.841458820694124
flat,5.019965133110079e-07,501.9965133110079,122400.63145871766,3.841458820694124
flat,5.148867450137487e-07,514.8867450137487,123965.32979312455,3.841458820694124
flat,5.28107971193432e-07,528.107971193432,125512.54082412917,3.841458820694124
flat,5.416686911033158e-07,541.6686911033157,127042.15507686538,3.841458820694124
flat,5.555776222398878e-07,555.5776222398878,128554.09899453698,3.841458820694124
flat,5.698437059469137e-07,569.8437059469136,130048.33218123073,3.841458820694124
flat,5.844761131633626e-07,584.4761131633626,131524.8446708152,3.841458820694124
flat,5.994842503189422e-07,599.4842503189421,132983.6542457324,3.841458820694124
flat,6.14877765381003e-07,614.877765381003,134424.80382686664,3.841458820694124
flat,6.306665540567406e-07,630.6665540567406,135848.35895295377,3.841458820694124
flat,6.468607661546321e-07,646.8607661546321,137254.405365202,3.841458820694124
flat,6.634708121092338e-07,663.4708121092337,138643.04671001466,3.841458820694124
flat,6.805073696735221e-07,680.507369673522,140014.4023699528,3.841458820694124
flat,6.979813907830667e-07,697.9813907830667,141368.6054304147,3.841458820694124
flat,7.159041085964889e-07,715.9041085964889,142705.8007869804,3.841458820694124
flat,7.342870447166759e-07,734.2870447166758,144026.14339598935,3.841458820694124
flat,7.531420165974361e-07,753.142016597436,145329.79666874773,3.841458820694124
flat,7.724811451403416e-07,772.4811451403416,146616.93100779422,3.841458820694124
flat,7.923168624866262e-07,792.3168624866262,147887.72248192297,3.841458820694124
flat,8.126619200091945e-07,812.6619200091945,149142.35163518388,3.841458820694124
flat,8.335293965098188e-07,833.5293965098188,150381.0024238375,3.841458820694124
flat,8.549327066268368e-07,854.9327066268368,151603.86127426813,3.841458820694124
flat,8.768856094587445e-07,876.8856094587444,152811.11625411164,3.841458820694124
flat,8.994022174092054e-07,899.4022174092054,154002.9563483485,3.841458820694124
flat,9.224970052592175e-07,922.4970052592174,155179.57083182133,3.841458820694124
flat,9.461848194721993e-07,946.1848194721993,156341.14872953514,3.841458820694124
flat,9.704808877380288e-07,970.4808877380286,157487.878356179,3.841458820694124
flat,9.95400828762154e-07,995.4008287621539,158619.9469265321,3.841458820694124
flat,1.0209606623060477e-06,1020.9606623060475,159737.54022876447,3.841458820694124
flat,1.0471768194855203e-06,1047.1768194855204,160840.84235309454,3.841458820694124
flat,1.0740661533334324e-06,1074.0661533334323,161930.03546877875,3.841458820694124
flat,1.1016459496336549e-06,1101.6459496336547,163005.29964298432,3.841458820694124
flat,1.129933938033224e-06,1129.933938033224,164066.81269569127,3.841458820694124
flat,1.158948303439812e-06,1158.9483034398118,165114.75008537332,3.841458820694124
flat,1.1887076977119035e-06,1188.7076977119034,166149.2848208134,3.841458820694124
flat,1.2192312516491096e-06,1219.2312516491095,167170.58739497495,3.841458820694124
flat,1.2505385872903888e-06,1250.5385872903887,168178.82573740662,3.841458820694124
flat,1.2826498305280625e-06,1282.6498305280625,169174.16518215468,3.841458820694124
flat,1.3155856240457052e-06,1315.5856240457051,170156.76844862002,3.841458820694124
flat,1.3493671405883065e-06,1349.3671405883065,171126.79563320952,3.841458820694124
flat,1.3840160965731302e-06,1384.0160965731302,172084.40420998874,3.841458820694124
flat,1.4195547660500986e-06,1419.5547660500986,173029.74903886262,3.841458820694124
flat,1.4560059950206515e-06,1456.0059950206514,173962.9823800743,3.841458820694124
flat,1.4933932161242533e-06,1493.3932161242533,174884.25391403885,3.841458820694124
flat,1.5317404637020798e-06,1531.7404637020798,175793.7107657155,3.841458820694124
flat,1.571072389247449e-06,1571.0723892474489,176691.49753286867,3.841458820694124
flat,1.6114142772530165e-06,1611.4142772530165,177577.75631769237,3.841458820694124
flat,1.6527920614648972e-06,1652.7920614648972,178452.62676136364,3.841458820694124
flat,1.6952323415541215e-06,1695.2323415541214,179316.246081161,3.841458820694124
flat,1.7387624002162504e-06,1738.7624002162504,180168.74910984034,3.841458820694124
flat,1.7834102207100065e-06,1783.4102207100063,181010.2683369922,3.841458820694124
flat,1.8292045048462901e-06,1829.20450484629,181840.93395213387,3.841458820694124
flat,1.8761746914391234e-06,1876.1746914391233,182660.87388930545,3.841458820694124
flat,1.9243509752303323e-06,1924.3509752303323,183470.21387294284,3.841458820694124
flat,1.9737643263002554e-06,1973.7643263002553,184269.0774648108,3.841458820694124
flat,2.024446509976802e-06,2024.4465099768017,185057.5861117715,3.841458820694124
flat,2.0764301072557707e-06,2076.4301072557705,185835.85919416597,3.841458820694124
flat,2.1297485357455238e-06,2129.7485357455234,186604.0140745801,3.841458820694124
flat,2.1844360711494283e-06,2184.4360711494282,187362.1661467597,3.841458820694124
flat,2.2405278693000184e-06,2240.527869300018,188110.42888444127,3.841458820694124
flat,2.298059988758849e-06,2298.0599887588487,188848.9138898532,3.841458820694124
flat,2.3570694139967233e-06,2357.069413996723,189577.73094164714,3.841458820694124
flat,2.4175940791691336e-06,2417.5940791691332,190296.9880420166,3.841458820694124
flat,2.4796728925021606e-06,2479.6728925021603,191006.79146275928,3.841458820694124
flat,2.5433457613046483e-06,2543.345761304648,191707.2457900495,3.841458820694124
flat,2.6086536176225454e-06,2608.6536176225454,192398.45396768596,3.841458820694124
flat,2.67563844455204e-06,2675.63844455204,193080.51733859585,3.841458820694124
flat,2.7443433032283683e-06,2744.3433032283683,193753.53568438234,3.841458820694124
flat,2.814812360507581e-06,2814.812360507581,194417.60726272035,3.841458820694124
flat,2.8870909173592346e-06,2887.0909173592345,195072.82884241903,3.841458820694124
flat,2.9612254379880317e-06,2961.2254379880314,195719.29573598842,3.841458820694124
flat,3.0372635797033057e-06,3037.2635797033054,196357.1018295701,3.841458820694124
flat,3.115254223555491e-06,3115.254223555491,196986.3396101128,3.841458820694124
flat,3.195247505759214e-06,3195.2475057592137,197607.100189699,3.841458820694124
flat,3.277294849923382e-06,3277.294849923382,198219.4733269569,3.841458820694124
flat,3.3614490001087616e-06,3361.4490001087615,198823.54744551654,3.841458820694124
flat,3.4477640547344573e-06,3447.764054734457,199419.40964949992,3.841458820694124
flat,3.5362955013550466e-06,3536.2955013550463,200007.14573606395,3.841458820694124
flat,3.6271002523306487e-06,3627.1002523306483,200586.84020504373,3.841458820694124
flat,3.720236681413066e-06,3720.236681413066,201158.57626577438,3.841458820694124
flat,3.815764661271245e-06,3815.7646612712447,201722.435841196,3.841458820694124
flat,3.913745601980376e-06,3913.745601980376,202278.49956937655,3.841458820694124
flat,4.014242490499326e-06,4014.242490499326,202826.8468026108,3.841458820694124
flat,4.117319931161679e-06,4117.319931161679,203367.5556042782,3.841458820694124
flat,4.223044187206672e-06,4223.044187206672,203900.70274366453,3.841458820694124
flat,4.331483223376394e-06,4331.483223376394,204426.36368896757,3.841458820694124
flat,4.442706749606874e-06,4442.706749606874,204944.61259872402,3.841458820694124
flat,4.556786265841069e-06,4556.786265841069,205455.52231190586,3.841458820694124
flat,4.673795107992464e-06,4673.795107992463,205959.16433693963,3.841458820694124
flat,4.793808495089108e-06,4793.808495089107,206455.60883990777,3.841458820694124
flat,4.916903577628022e-06,4916.903577628022,206944.924632188,3.841458820694124
flat,5.043159487171349e-06,5043.159487171349,207427.17915778357,3.841458820694124
flat,5.172657387216025e-06,5172.657387216024,207902.4384805877,3.841458820694124
flat,5.305480525369575e-06,5305.480525369574,208370.76727181298,3.841458820694124
flat,5.441714286865888e-06,5441.7142868658875,208832.22879780276,3.841458820694124
flat,5.581446249454956e-06,5581.446249454955,209286.88490842012,3.841458820694124
flat,5.724766239702167e-06,5724.766239702167,209734.79602619298,3.841458820694124
flat,5.871766390733262e-06,5871.766390733262,210176.02113636796,3.841458820694124
flat,6.022541201461928e-06,6022.541201461928,210610.61777800613,3.841458820694124
flat,6.177187597338489e-06,6177.187597338489,211038.6420362252,3.841458820694124
flat,6.335804992658242e-06,6335.804992658242,211460.1485356732,3.841458820694124
flat,6.498495354469902e-06,6498.495354469902,211875.19043529205,3.841458820694124
flat,6.66536326812492e-06,6665.36326812492,212283.8194244106,3.841458820694124
flat,6.836516004510239e-06,6836.516004510238,212686.08572018662,3.841458820694124
flat,7.012063589007178e-06,7012.063589007177,213082.03806639957,3.841458820694124
flat,7.192118872221179e-06,7192.118872221178,213471.72373358524,3.841458820694124
flat,7.376797602527746e-06,7376.797602527746,213855.1885204931,3.841458820694124
flat,7.566218500481063e-06,7566.218500481063,214232.47675684228,3.841458820694124
flat,7.760503335133572e-06,7760.503335133571,214603.63130735594,3.841458820694124
flat,7.959777002314978e-06,7959.777002314978,214968.69357705524,3.841458820694124
flat,8.164167604921456e-06,8164.167604921456,215327.70351781131,3.841458820694124
flat,8.373806535266507e-06,8373.806535266507,215680.69963616843,3.841458820694124
flat,8.58882855954626e-06,8588.828559546258,216027.7190024776,3.841458820694124
flat,8.80937190447399e-06,8809.37190447399,216368.79726141167,3.841458820694124
flat,9.035578346138921e-06,9035.57834613892,216703.96864396782,3.841458820694124
flat,9.267593301146866e-06,9267.593301146864,217033.26598111054,3.841458820694124
flat,9.505565920101211e-06,9505.565920101211,217356.72071925455,3.841458820694124
flat,9.749649183484097e-06,9749.649183484096,217674.36293784383,3.841458820694124
flat,1e-05,10000.0,217986.22136934206,3.841458820694124
extinguished,1e-16,1e-07,9.497757465191784,3.841458820694124
extinguished,1.0256779307444209e-16,1.0256779307444209e-07,9.497757465191784,3.841458820694124
extinguished,1.0520152176161591e-16,1.0520152176161591e-07,9.497757465191784,3.841458820694124
extinguished,1.0790287915161837e-16,1.0790287915161836e-07,9.497757465191784,3.841458820694124
extinguished,1.1067360180959745e-16,1.1067360180959745e-07,9.497757465191784,3.841458820694124
extinguished,1.135154708920999e-16,1.135154708920999e-07,9.497757465191784,3.841458820694124
extinguished,1.1643031329208756e-16,1.1643031329208756e-07,9.497757465191784,3.841458820694124
extinguished,1.1942000281335325e-16,1.1942000281335325e-07,9.497757465191784,3.841458820694124
extinguished,1.2248646137509307e-16,1.2248646137509306e-07,9.497757465191784,3.841458820694124
extinguished,1.2563166024741215e-16,1.2563166024741214e-07,9.497757465191784,3.841458820694124
extinguished,1.288576213185518e-16,1.288576213185518e-07,9.497757465191784,3.841458820694124
extinguished,1.321664183946604e-16,1.321664183946604e-07,9.497757465191784,3.841458820694124
extinguished,1.355601785329369e-16,1.355601785329369e-07,9.497757465191784,3.841458820694124
extinguished,1.3904108340900697e-16,1.3904108340900698e-07,9.497757465191784,3.841458820694124
extinguished,1.4261137071941298e-16,1.4261137071941298e-07,9.497757465191784,3.841458820694124
extinguished,1.4627333562011298e-16,1.4627333562011298e-07,9.497757465191784,3.841458820694124
extinguished,1.500293322019217e-16,1.5002933220192168e-07,9.497757465191784,3.841458820694124
extinguished,1.5388177500383463e-16,1.5388177500383463e-07,9.497757465191784,3.841458820694124
extinguished,1.5783314056521166e-16,1.5783314056521165e-07,9.497757465191784,3.841458820694124
extinguished,1.6188596901781994e-16,1.6188596901781992e-07,9.497757465191784,3.841458820694124
extinguished,1.6604286571875297e-16,1.6604286571875297e-07,9.497757465191784,3.841458820694124
extinguished,1.7030650292528427e-16,1.7030650292528427e-07,9.497757465191784,3.841458820694124
extinguished,1.7467962151272458e-16,1.7467962151272458e-07,9.497757465191784,3.841458820694124
extinguished,1.7916503273638995e-16,1.7916503273638994e-07,9.497757465191784,3.841458820694124
extinguished,1.8376562003881726e-16,1.8376562003881725e-07,9.497757465191784,3.841458820694124
extinguished,1.8848434090337954e-16,1.8848434090337954e-07,9.497757465191784,3.841458820694124
extinguished,1.9332422875550433e-16,1.933242287555043e-07,9.497757465191784,3.841458820694124
extinguished,1.9828839491270715e-16,1.9828839491270713e-07,9.497757465191784,3.841458820694124
extinguished,2.03380030584698e-16,2.03380030584698e-07,9.497757465191784,3.841458820694124
extinguished,2.0860240892485051e-16,2.086024089248505e-07,9.497757465191784,3.841458820694124
extinguished,2.1395888713434217e-16,2.1395888713434216e-07,9.497757465191784,3.841458820694124
extinguished,2.194529086203316e-16,2.1945290862033158e-07,9.497757465191784,3.841458820694124
extinguished,2.250880052095462e-16,2.2508800520954619e-07,9.497757465191784,3.841458820694124
extinguished,2.3086779941871674e-16,2.3086779941871675e-07,9.497757465191784,3.841458820694124
extinguished,2.367960067833079e-16,2.3679600678330787e-07,9.497757465191784,3.841458820694124
extinguished,2.4287643824604505e-16,2.4287643824604503e-07,9.497757465191784,3.841458820694124
extinguished,2.4911300260677915e-16,2.491130026067791e-07,9.497757465191784,3.841458820694124
extinguished,2.555097090352507e-16,2.555097090352507e-07,9.497757465191784,3.841458820694124
extinguished,2.62070669648385e-16,2.62070669648385e-07,9.497757465191784,3.841458820694124
extinguished,2.6880010215376075e-16,2.6880010215376075e-07,9.497757465191784,3.841458820694124
extinguished,2.757023325609583e-16,2.7570233256095827e-07,9.497757465191784,3.841458820694124
extinguished,2.8278179796253445e-16,2.827817979625344e-07,9.497757465191784,3.841458820694124
extinguished,2.9004304938639916e-16,2.9004304938639914e-07,9.497757465191784,3.841458820694124
extinguished,2.9749075472144374e-16,2.974907547214437e-07,9.497757465191784,3.841458820694124
extinguished,3.051297017182871e-16,3.0512970171828707e-07,9.497757465191784,3.841458820694124
extinguished,3.12964801067075e-16,3.12964801067075e-07,9.497757465191784,3.841458820694124
extinguished,3.210010895543175e-16,3.210010895543175e-07,9.497757465191784,3.841458820694124
extinguished,3.292437333007769e-16,3.292437333007769e-07,9.497757465191784,3.841458820694124
extinguished,3.376980310825088e-16,3.376980310825088e-07,9.497757465191784,3.841458820694124
extinguished,3.4636941773717345e-16,3.463694177371734e-07,9.497757465191784,3.841458820694124
extinguished,3.5526346765781394e-16,3.5526346765781394e-07,9.497757465191784,3.841458820694124
extinguished,3.6438589837635484e-16,3.6438589837635484e-07,9.497757465191784,3.841458820694124
extinguished,3.7374257423910645e-16,3.737425742391064e-07,9.497757465191784,3.841458820694124
extinguished,3.8333951017665975e-16,3.8333951017665975e-07,9.497757465191784,3.841458820694124
extinguished,3.9318287557057706e-16,3.9318287557057704e-07,9.497757465191784,3.841458820694124
extinguished,4.0327899821937054e-16,4.0327899821937054e-07,9.497757465191784,3.841458820694124
extinguished,4.136343684063278e-16,4.136343684063278e-07,9.497757465191784,3.841458820694124
extinguished,4.2425564307177773e-16,4.242556430717777e-07,9.497757465191784,3.841458820694124
extinguished,4.3514965009250547e-16,4.3514965009250545e-07,9.497757465191784,3.841458820694124
extinguished,4.463233926710397e-16,4.4632339267103974e-07,9.497757465191784,3.841458820694124
extinguished,4.577840538376617e-16,4.5778405383766164e-07,9.497757465191784,3.841458820694124
extinguished,4.695390010680064e-16,4.695390010680063e-07,9.497757465191784,3.841458820694124
extinguished,4.815957910192352e-16,4.815957910192351e-07,9.497757465191784,3.841458820694124
extinguished,4.939621743878326e-16,4.939621743878326e-07,9.497757465191784,3.841458820694124
extinguished,5.066461008921269e-16,5.066461008921269e-07,9.497757465191784,3.841458820694124
extinguished,5.196557243827658e-16,5.196557243827657e-07,9.497757465191784,3.841458820694124
extinguished,5.329994080844094e-16,5.329994080844094e-07,9.497757465191784,3.841458820694124
extinguished,5.466857299720181e-16,5.466857299720181e-07,9.497757465191784,3.841458820694124
extinguished,5.607234882852039e-16,5.607234882852039e-07,9.497757465191784,3.841458820694124
extinguished,5.751217071841613e-16,5.751217071841613e-07,9.497757465191784,3.841458820694124
extinguished,5.898896425508494e-16,5.898896425508493e-07,9.497757465191784,3.841458820694124
extinguished,6.050367879391224e-16,6.050367879391224e-07,9.497757465191784,3.841458820694124
extinguished,6.205728806776502e-16,6.205728806776501e-07,9.497757465191784,3.841458820694124
extinguished,6.365079081295578e-16,6.365079081295578e-07,9.497757465191784,3.841458820694124
extinguished,6.528521141127848e-16,6.528521141127847e-07,9.497757465191784,3.841458820694124
extinguished,6.696160054853216e-16,6.696160054853216e-07,9.497757465191784,3.841458820694124
extinguished,6.868103588995307e-16,6.868103588995307e-07,9.497757465191784,3.841458820694124
extinguished,7.044462277299038e-16,7.044462277299037e-07,9.497757465191784,3.841458820694124
extinguished,7.225349491787222e-16,7.225349491787222e-07,9.497757465191784,3.841458820694124
extinguished,7.41088151564157e-16,7.41088151564157e-07,9.497757465191784,3.841458820694124
extinguished,7.601177617955323e-16,7.601177617955323e-07,9.497757465191784,3.841458820694124
extinguished,7.796360130405237e-16,7.796360130405236e-07,9.497757465191784,3.841458820694124
extinguished,7.996554525892347e-16,7.996554525892346e-07,9.497757465191784,3.841458820694124
extinguished,8.201889499202212e-16,8.201889499202212e-07,9.497757465191784,3.841458820694124
extinguished,8.412497049736119e-16,8.412497049736118e-07,9.497757465191784,3.841458820694124
extinguished,8.628512566366887e-16,8.628512566366887e-07,9.497757465191784,3.841458820694124
extinguished,8.850074914473439e-16,8.850074914473439e-07,9.497757465191784,3.841458820694124
extinguished,9.077326525210223e-16,9.077326525210223e-07,9.497757465191784,3.841458820694124
extinguished,9.310413487069087e-16,9.310413487069085e-07,9.497757465191784,3.841458820694124
extinguished,9.549485639791966e-16,9.549485639791966e-07,9.497757465191784,3.841458820694124
extinguished,9.794696670695385e-16,9.794696670695385e-07,9.497757465191784,3.841458820694124
extinguished,1.0046204213468132e-15,1.0046204213468131e-06,9.497757465191784,3.841458820694124
extinguished,1.0304169949505876e-15,1.0304169949505875e-06,9.497757465191784,3.841458820694124
extinguished,1.056875971184805e-15,1.056875971184805e-06,9.497757465191784,3.841458820694124
extinguished,1.084014359178331e-15,1.084014359178331e-06,9.497757465191784,3.841458820694124
extinguished,1.1118496048192698e-15,1.1118496048192698e-06,9.497757465191784,3.841458820694124
extinguished,1.140399601970033e-15,1.140399601970033e-06,9.497757465191784,3.841458820694124
extinguished,1.1696827039703847e-15,1.1696827039703847e-06,9.497757465191784,3.841458820694124
extinguished,1.1997177354358856e-15,1.1997177354358855e-06,9.497757465191784,3.841458820694124
extinguished,1.2305240043592617e-15,1.2305240043592616e-06,9.497757465191784,3.841458820694124
extinguished,1.2621213145225461e-15,1.262121314522546e-06,9.497757465191784,3.841458820694124
extinguished,1.294529978227916e-15,1.294529978227916e-06,9.497757465191784,3.841458820694124
extinguished,1.327770829355429e-15,1.327770829355429e-06,9.497757465191784,3.841458820694124
extinguished,1.3618652367560827e-15,1.3618652367560827e-06,9.497757465191784,3.841458820694124
extinguished,1.3968351179887399e-15,1.3968351179887398e-06,9.497757465191784,3.841458820694124
extinguished,1.4327029534098294e-15,1.4327029534098294e-06,9.497757465191784,3.841458820694124
extinguished,1.4694918006248173e-15,1.4694918006248172e-06,9.497757465191784,3.841458820694124
extinguished,1.5072253093107558e-15,1.5072253093107556e-06,9.497757465191784,3.841458820694124
extinguished,1.5459277364194787e-15,1.5459277364194786e-06,9.497757465191784,3.841458820694124
extinguished,1.5856239617711373e-15,1.5856239617711372e-06,9.497757465191784,3.841458820694124
extinguished,1.6263395040481906e-15,1.6263395040481906e-06,9.497757465191784,3.841458820694124
extinguished,1.6681005372000592e-15,1.6681005372000591e-06,9.497757465191784,3.841458820694124
extinguished,1.7109339072690137e-15,1.7109339072690135e-06,9.497757465191784,3.841458820694124
extinguished,1.754867149648152e-15,1.754867149648152e-06,9.497757465191784,3.841458820694124
extinguished,1.7999285067824765e-15,1.7999285067824765e-06,9.497757465191784,3.841458820694124
extinguished,1.8461469463245456e-15,1.8461469463245456e-06,9.497757465191784,3.841458820694124
extinguished,1.8935521797562954e-15,1.8935521797562952e-06,9.497757465191784,3.841458820694124
extinguished,1.9421746814890248e-15,1.9421746814890245e-06,9.497757465191784,3.841458820694124
extinguished,1.9920457084538714e-15,1.992045708453871e-06,9.497757465191784,3.841458820694124
extinguished,2.0431973201952705e-15,2.0431973201952705e-06,9.497757465191784,3.841458820694124
extinguished,2.095662399480431e-15,2.095662399480431e-06,9.497757465191784,3.841458820694124
extinguished,2.149474673437981e-15,2.1494746734379807e-06,9.497757465191784,3.841458820694124
extinguished,2.2046687352394077e-15,2.2046687352394075e-06,9.497757465191784,3.841458820694124
extinguished,2.2612800663372797e-15,2.2612800663372794e-06,9.497757465191784,3.841458820694124
extinguished,2.319345059274428e-15,2.3193450592744277e-06,9.497757465191784,3.841458820694124
extinguished,2.378901041078891e-15,2.378901041078891e-06,9.497757465191784,3.841458820694124
extinguished,2.4399862972595504e-15,2.43998629725955e-06,9.497757465191784,3.841458820694124
extinguished,2.502640096417917e-15,2.502640096417917e-06,9.497757465191784,3.841458820694124
extinguished,2.566902715491952e-15,2.566902715491952e-06,9.497757465191784,3.841458820694124
extinguished,2.63281546564802e-15,2.63281546564802e-06,9.497757465191784,3.841458820694124
extinguished,2.70042071883777e-15,2.70042071883777e-06,9.497757465191784,3.841458820694124
extinguished,2.7697619350368914e-15,2.769761935036891e-06,9.497757465191784,3.841458820694124
extinguished,2.840883690183301e-15,2.840883690183301e-06,9.497757465191784,3.841458820694124
extinguished,2.9138317048327887e-15,2.9138317048327886e-06,9.497757465191784,3.841458820694124
extinguished,2.9886528735503825e-15,2.9886528735503824e-06,9.497757465191784,3.841458820694124
extinguished,3.065395295056524e-15,3.0653952950565237e-06,9.497757465191784,3.841458820694124
extinguished,3.144108303147265e-15,3.144108303147265e-06,9.497757465191784,3.841458820694124
extinguished,3.2248424984084456e-15,3.2248424984084455e-06,9.497757465191784,3.841458820694124
extinguished,3.307649780744243e-15,3.3076497807442426e-06,9.497757465191784,3.841458820694124
extinguished,3.392583382740992e-15,3.392583382740992e-06,9.497757465191784,3.841458820694124
extinguished,3.479697903887688e-15,3.479697903887688e-06,9.497757465191784,3.841458820694124
extinguished,3.5690493456752294e-15,3.5690493456752295e-06,9.497757465191784,3.841458820694124
extinguished,3.660695147596906e-15,3.660695147596906e-06,9.497757465191784,3.841458820694124
extinguished,3.754694224073337e-15,3.754694224073337e-06,9.497757465191784,3.841458820694124
extinguished,3.851107002325569e-15,3.851107002325569e-06,9.497757465191784,3.841458820694124
extinguished,3.949995461220639e-15,3.949995461220639e-06,9.497757465191784,3.841458820694124
extinguished,4.051423171114647e-15,4.051423171114647e-06,9.497757465191784,3.841458820694124
extinguished,4.15545533471888e-15,4.15545533471888e-06,9.497757465191784,3.841458820694124
extinguished,4.262158829015325e-15,4.262158829015325e-06,9.497757465191784,3.841458820694124
extinguished,4.371602248248502e-15,4.371602248248502e-06,9.497757465191784,3.841458820694124
extinguished,4.483855948021191e-15,4.4838559480211905e-06,9.497757465191784,3.841458820694124
extinguished,4.598992090522439e-15,4.598992090522438e-06,9.497757465191784,3.841458820694124
extinguished,4.717084690917022e-15,4.717084690917022e-06,9.497757465191784,3.841458820694124
extinguished,4.838209664925957e-15,4.838209664925957e-06,9.497757465191784,3.841458820694124
extinguished,4.962444877628914e-15,4.962444877628914e-06,9.497757465191784,3.841458820694124
extinguished,5.089870193519685e-15,5.089870193519685e-06,9.497757465191784,3.841458820694124
extinguished,5.220567527846976e-15,5.2205675278469754e-06,9.497757465191784,3.841458820694124
extinguished,5.354620899273613e-15,5.354620899273613e-06,9.497757465191784,3.841458820694124
extinguished,5.492116483887789e-15,5.492116483887789e-06,9.497757465191784,3.841458820694124
extinguished,5.633142670601353e-15,5.633142670601352e-06,9.497757465191784,3.841458820694124
extinguished,5.777790117970507e-15,5.777790117970507e-06,9.497757465191784,3.841458820694124
extinguished,5.926151812475553e-15,5.9261518124755525e-06,9.497757465191784,3.841458820694124
extinguished,6.0783231282972366e-15,6.0783231282972365e-06,9.497757465191784,3.841458820694124
extinguished,6.234401888627864e-15,6.234401888627864e-06,9.497757465191784,3.841458820694124
extinguished,6.3944884285569365e-15,6.394488428556936e-06,9.497757465191784,3.841458820694124
extinguished,6.5586856595714364e-15,6.558685659571436e-06,9.497757465191784,3.841458820694124
extinguished,6.727099135712337e-15,6.727099135712336e-06,9.497757465191784,3.841458820694124
extinguished,6.899837121430025e-15,6.899837121430025e-06,9.497757465191784,3.841458820694124
extinguished,7.07701066118189e-15,7.077010661181889e-06,9.497757465191784,3.841458820694124
extinguished,7.258733650817247e-15,7.258733650817246e-06,9.497757465191784,3.841458820694124
extinguished,7.445122910795143e-15,7.445122910795143e-06,9.497757465191784,3.841458820694124
extinguished,7.636298261282243e-15,7.636298261282242e-06,9.497757465191784,3.841458820694124
extinguished,7.832382599179206e-15,7.832382599179205e-06,9.497757465191784,3.841458820694124
extinguished,8.033501977124735e-15,8.033501977124734e-06,9.497757465191784,3.841458820694124
extinguished,8.239785684528512e-15,8.239785684528512e-06,9.497757465191784,3.841458820694124
extinguished,8.451366330684723e-15,8.451366330684723e-06,9.497757465191784,3.841458820694124
extinguished,8.668379930019776e-15,8.668379930019775e-06,9.497757465191784,3.841458820694124
extinguished,8.890965989529168e-15,8.890965989529167e-06,9.497757465191784,3.841458820694124
extinguished,9.119267598459299e-15,9.119267598459298e-06,9.497757465191784,3.841458820694124
extinguished,9.353431520292377e-15,9.353431520292377e-06,9.497757465191784,3.841458820694124
extinguished,9.593608287093147e-15,9.593608287093147e-06,9.497757465191784,3.841458820694124
extinguished,9.839952296278226e-15,9.839952296278226e-06,9.497757465191784,3.841458820694124
extinguished,1.0092621909870486e-14,1.0092621909870484e-05,9.497757465191784,3.841458820694124
extinguished,1.0351779556301763e-14,1.0351779556301762e-05,9.497757465191784,3.841458820694124
extinguished,1.0617591834829991e-14,1.0617591834829991e-05,9.497757465191784,3.841458820694124
extinguished,1.0890229622637305e-14,1.0890229622637305e-05,9.497757465191784,3.841458820694124
extinguished,1.1169868184678227e-14,1.1169868184678226e-05,9.497757465191784,3.841458820694124
extinguished,1.1456687286348727e-14,1.1456687286348727e-05,9.497757465191784,3.841458820694124
extinguished,1.1750871309048077e-14,1.1750871309048075e-05,9.497757465191784,3.841458820694124
extinguished,1.2052609368708416e-14,1.2052609368708414e-05,9.497757465191784,3.841458820694124
extinguished,1.2362095437367691e-14,1.2362095437367691e-05,9.497757465191784,3.841458820694124
extinguished,1.2679528467864341e-14,1.267952846786434e-05,9.497757465191784,3.841458820694124
extinguished,1.30051125217341e-14,1.3005112521734099e-05,9.497757465191784,3.841458820694124
extinguished,1.3339056900390588e-14,1.3339056900390587e-05,9.497757465191784,3.841458820694124
extinguished,1.3681576279674705e-14,1.3681576279674705e-05,9.497757465191784,3.841458820694124
extinguished,1.4032890847858733e-14,1.4032890847858732e-05,9.497757465191784,3.841458820694124
extinguished,1.4393226447194066e-14,1.4393226447194064e-05,9.497757465191784,3.841458820694124
extinguished,1.476281471909391e-14,1.476281471909391e-05,9.497757465191784,3.841458820694124
extinguished,1.514189325304352e-14,1.514189325304352e-05,9.497757465191784,3.841458820694124
extinguished,1.5530705739334587e-14,1.5530705739334586e-05,9.497757465191784,3.841458820694124
extinguished,1.5929502125721232e-14,1.592950212572123e-05,9.497757465191784,3.841458820694124
extinguished,1.6338538778098638e-14,1.6338538778098638e-05,9.497757465191784,3.841458820694124
extinguished,1.6758078645307688e-14,1.6758078645307688e-05,9.497757465191784,3.841458820694124
extinguished,1.7188391428171456e-14,1.7188391428171457e-05,9.497757465191784,3.841458820694124
extinguished,1.762975375287204e-14,1.762975375287204e-05,9.497757465191784,3.841458820694124
extinguished,1.8082449348779518e-14,1.8082449348779517e-05,9.497757465191784,3.841458820694124
extinguished,1.8546769230847016e-14,1.8546769230847014e-05,9.497757465191784,3.841458820694124
extinguished,1.902301188668946e-14,1.902301188668946e-05,9.497757465191784,3.841458820694124
extinguished,1.9511483468466167e-14,1.9511483468466165e-05,9.497757465191784,3.841458820694124
extinguished,2.0012497989690348e-14,2.001249798969035e-05,9.497757465191784,3.841458820694124
extinguished,2.0526377527092523e-14,2.052637752709252e-05,9.497757465191784,3.841458820694124
extinguished,2.1053452427667084e-14,2.1053452427667084e-05,9.497757465191784,3.841458820694124
extinguished,2.1594061521035677e-14,2.1594061521035675e-05,9.497757465191784,3.841458820694124
extinguished,2.2148552337263594e-14,2.2148552337263592e-05,9.497757465191784,3.841458820694124
extinguished,2.271728133026903e-14,2.2717281330269027e-05,9.497757465191784,3.841458820694124
extinguished,2.3300614106969248e-14,2.3300614106969247e-05,9.497757465191784,3.841458820694124
extinguished,2.3898925662310528e-14,2.3898925662310526e-05,9.497757465191784,3.841458820694124
extinguished,2.45126006203334e-14,2.4512600620333398e-05,9.497757465191784,3.841458820694124
extinguished,2.5142033481427965e-14,2.5142033481427965e-05,9.497757465191784,3.841458820694124
extinguished,2.5787628875937986e-14,2.5787628875937984e-05,9.497757465191784,3.841458820694124
extinguished,2.64498018242772e-14,2.64498018242772e-05,9.497757465191784,3.841458820694124
extinguished,2.71289780037247e-14,2.71289780037247e-05,9.497757465191784,3.841458820694124
extinguished,2.7825594022071263e-14,2.782559402207126e-05,9.497757465191784,3.841458820694124
extinguished,2.854009769829238e-14,2.8540097698292376e-05,9.497757465191784,3.841458820694124
extinguished,2.927294835042813e-14,2.927294835042813e-05,9.497757465191784,3.841458820694124
extinguished,3.002461709085549e-14,3.0024617090855492e-05,9.497757465177083,3.841458820694124
extinguished,3.0795587129142296e-14,3.0795587129142294e-05,9.497757464082415,3.841458820694124
extinguished,3.158635408267819e-14,3.158635408267819e-05,9.49775746115424,3.841458820694124
extinguished,3.2397426295281954e-14,3.2397426295281954e-05,9.497757456250781,3.841458820694124
extinguished,3.322932516398969e-14,3.3229325163989684e-05,9.497757449221634,3.841458820694124
extinguished,3.4082585474234525e-14,3.408258547423452e-05,9.497757439907266,3.841458820694124
extinguished,3.4957755743632787e-14,3.4957755743632785e-05,9.497757428138529,3.841458820694124
extinguished,3.5855398574598174e-14,3.585539857459817e-05,9.497757413736108,3.841458820694124
extinguished,3.677609101601031e-14,3.677609101601031e-05,9.497757396509945,3.841458820694124
extinguished,3.772042493416994e-14,3.7720424934169935e-05,9.497757376258647,3.841458820694124
extinguished,3.8689007393279756e-14,3.8689007393279756e-05,9.497757352768843,3.841458820694124
extinguished,3.968246104569486e-14,3.968246104569486e-05,9.497757325814511,3.841458820694124
extinguished,4.070142453219439e-14,4.070142453219439e-05,9.497757295156287,3.841458820694124
extinguished,4.174655289253135e-14,4.174655289253135e-05,9.497757260540727,3.841458820694124
extinguished,4.281851798652407e-14,4.2818517986524064e-05,9.497757221699484,3.841458820694124
extinguished,4.391800892596086e-14,4.391800892596086e-05,9.497757178348522,3.841458820694124
extinguished,4.504573251759463e-14,4.504573251759463e-05,9.497757130187212,3.841458820694124
extinguished,4.6202413717513134e-14,4.620241371751313e-05,9.497757076897452,3.841458820694124
extinguished,4.7388796097176515e-14,4.738879609717651e-05,9.497757018142638,3.841458820694124
extinguished,4.8605642321421296e-14,4.860564232142129e-05,9.497756953566663,3.841458820694124
extinguished,4.985373463873894e-14,4.985373463873894e-05,9.49775688279288,3.841458820694124
extinguished,5.113387538414332e-14,5.113387538414331e-05,9.497756805422904,3.841458820694124
extinguished,5.24468874949512e-14,5.244688749495119e-05,9.497756721035412,3.841458820694124
extinguished,5.3793615039806984e-14,5.379361503980698e-05,9.497756629184934,3.841458820694124
extinguished,5.517492376129117e-14,5.517492376129117e-05,9.497756529400439,3.841458820694124
extinguished,5.6591701632462426e-14,5.6591701632462424e-05,9.497756421183992,3.841458820694124
extinguished,5.804485942768984e-14,5.804485942768984e-05,9.497756304009197,3.841458820694124
extinguished,5.95353313081437e-14,5.95353313081437e-05,9.497756177319713,3.841458820694124
extinguished,6.106407542232037e-14,6.106407542232036e-05,9.497756040527504,3.841458820694124
extinguished,6.26320745219868e-14,6.26320745219868e-05,9.497755893011165,3.841458820694124
extinguished,6.424033659394191e-14,6.424033659394191e-05,9.497755734114055,3.841458820694124
extinguished,6.588989550799956e-14,6.588989550799956e-05,9.497755563142345,3.841458820694124
extinguished,6.758181168161111e-14,6.75818116816111e-05,9.497755379362987,3.841458820694124
extinguished,6.9317172761554e-14,6.9317172761554e-05,9.497755182001523,3.841458820694124
extinguished,7.109709432312424e-14,7.109709432312424e-05,9.497754970239827,3.841458820694124
extinguished,7.292272058728314e-14,7.292272058728313e-05,9.497754743213706,3.841458820694124
extinguished,7.479522515621829e-14,7.479522515621829e-05,9.497754500010332,3.841458820694124
extinguished,7.671581176779303e-14,7.671581176779303e-05,9.497754239665579,3.841458820694124
extinguished,7.868571506936844e-14,7.868571506936843e-05,9.497753961161186,3.841458820694124
extinguished,8.070620141149492e-14,8.070620141149491e-05,9.497753663421804,3.841458820694124
extinguished,8.277856966198473e-14,8.277856966198472e-05,9.497753345311809,3.841458820694124
extinguished,8.490415204088756e-14,8.490415204088756e-05,9.497753005631992,3.841458820694124
extinguished,8.708431497690724e-14,8.708431497690724e-05,9.497752643116081,3.841458820694124
extinguished,8.93204599858096e-14,8.932045998580959e-05,9.497752256426997,3.841458820694124
extinguished,9.161402457138523e-14,9.161402457138522e-05,9.497751844152988,3.841458820694124
extinguished,9.396648314954691e-14,9.39664831495469e-05,9.497751404803495,3.841458820694124
extinguished,9.637934799615796e-14,9.637934799615795e-05,9.497750936804781,3.841458820694124
extinguished,9.885417021919574e-14,9.885417021919574e-05,9.49775043849541,3.841458820694124
extinguished,1.0139254075588153e-13,0.00010139254075588153,9.497749908121298,3.841458820694124
extinguished,1.0399609139541204e-13,0.00010399609139541203,9.497749343830705,3.841458820694124
extinguished,1.0666649582795388e-13,0.00010666649582795387,9.497748743668753,3.841458820694124
extinguished,1.0940547072057425e-13,0.00010940547072057424,9.497748105571779,3.841458820694124
extinguished,1.1221477682079804e-13,0.00011221477682079803,9.497747427361292,3.841458820694124
extinguished,1.1509622008850323e-13,0.00011509622008850323,9.497746706737614,3.841458820694124
extinguished,1.1805165285688057e-13,0.00011805165285688056,9.497745941273198,3.841458820694124
extinguished,1.2108297502320395e-13,0.00012108297502320394,9.497745128405517,3.841458820694124
extinguished,1.2419213527017832e-13,0.00012419213527017832,9.497744265429588,3.841458820694124
extinguished,1.2738113231864786e-13,0.00012738113231864785,9.497743349490095,3.841458820694124
extinguished,1.3065201621247214e-13,0.00013065201621247213,9.49774237757299,3.841458820694124
extinguished,1.3400688963639507e-13,0.00013400688963639506,9.497741346496742,3.841458820694124
extinguished,1.3744790926775368e-13,0.00013744790926775366,9.497740252902972,3.841458820694124
extinguished,1.4097728716289663e-13,0.00014097728716289663,9.49773909324663,3.841458820694124
extinguished,1.4459729217920195e-13,0.00014459729217920195,9.49773786378564,3.841458820694124
extinguished,1.4831025143361045e-13,0.00014831025143361044,9.497736560569878,3.841458820694124
extinguished,1.521185517986105e-13,0.0001521185517986105,9.497735179429586,3.841458820694124
extinguished,1.560246414366368e-13,0.0001560246414366368,9.497733715963085,3.841458820694124
extinguished,1.6003103137387003e-13,0.00016003103137387001,9.49773216552388,3.841458820694124
extinguished,1.6414029711444664e-13,0.00016414029711444664,9.497730523206926,3.841458820694124
extinguished,1.6835508029612024e-13,0.00016835508029612023,9.497728783834127,3.841458820694124
extinguished,1.726780903884356e-13,0.0001726780903884356,9.497726941939113,3.841458820694124
extinguished,1.7711210643450888e-13,0.00017711210643450888,9.497724991751015,3.841458820694124
extinguished,1.8165997883753269e-13,0.00018165997883753268,9.49772292717736,3.841458820694124
extinguished,1.86324631193156e-13,0.00018632463119315598,9.497720741786022,3.841458820694124
extinguished,1.9110906216891379e-13,0.00019110906216891378,9.4977184287861,3.841458820694124
extinguished,1.960163474319186e-13,0.00019601634743191858,9.49771598100768,3.841458820694124
extinguished,2.0104964162604993e-13,0.00020104964162604992,9.497713390880486,3.841458820694124
extinguished,2.0621218039991426e-13,0.00020621218039991424,9.497710650411237,3.841458820694124
extinguished,2.115072824868795e-13,0.00021150728248687948,9.49770775115973,3.841458820694124
extinguished,2.1693835183851846e-13,0.00021693835183851843,9.497704684213533,3.841458820694124
extinguished,2.2250887981283693e-13,0.00022250887981283693,9.497701440161213,3.841458820694124
extinguished,2.2822244741868986e-13,0.00022822244741868986,9.497698009064015,3.841458820694124
extinguished,2.3408272761782924e-13,0.0002340827276178292,9.497694380425818,3.841458820694124
extinguished,2.400934876860652e-13,0.00024009348768606518,9.497690543161479,3.841458820694124
extinguished,2.4625859163505467e-13,0.00024625859163505465,9.497686485563172,3.841458820694124
extinguished,2.5258200269627847e-13,0.0002525820026962785,9.497682195264874,3.841458820694124
extinguished,2.590677858688009e-13,0.0002590677858688009,9.497677659204692,3.841458820694124
extinguished,2.657201105324504e-13,0.0002657201105324504,9.497672863585013,3.841458820694124
extinguished,2.7254325312810276e-13,0.00027254325312810277,9.497667793830288,3.841458820694124
extinguished,2.7954159990678567e-13,0.00027954159990678566,9.497662434542336,3.841458820694124
extinguished,2.86719649749377e-13,0.00028671964974937697,9.497656769452988,3.841458820694124
extinguished,2.940820170587064e-13,0.00029408201705870637,9.497650781373897,3.841458820694124
extinguished,3.0163343472591977e-13,0.00030163343472591975,9.497644452143463,3.841458820694124
extinguished,3.093787571730137e-13,0.00030937875717301365,9.497637762570458,3.841458820694124
extinguished,3.1732296347349767e-13,0.00031732296347349763,9.497630692374424,3.841458820694124
extinguished,3.2547116055318483e-13,0.0003254711605531848,9.497623220122357,3.841458820694124
extinguished,3.3382858647317613e-13,0.0003338285864731761,9.497615323161762,3.841458820694124
extinguished,3.4240061379714263e-13,0.0003424006137971426,9.497606977549554,3.841458820694124
extinguished,3.511927530450728e-13,0.00035119275304507276,9.497598157976695,3.841458820694124
extinguished,3.6021065623570706e-13,0.000360210656235707,9.49758883768839,3.841458820694124
extinguished,3.6946012051993027e-13,0.00036946012051993025,9.497578988399306,3.841458820694124
extinguished,3.7894709190746675e-13,0.00037894709190746675,9.497568580203742,3.841458820694124
extinguished,3.886776690892668e-13,0.00038867766908926677,9.497557581480313,3.841458820694124
extinguished,3.986581073580439e-13,0.00039865810735804387,9.497545958790854,3.841458820694124
extinguished,4.0889482262948605e-13,0.00040889482262948605,9.497533676773102,3.841458820694124
extinguished,4.1939439556671865e-13,0.0004193943955667186,9.497520698026852,3.841458820694124
extinguished,4.3016357581067956e-13,0.00043016357581067953,9.4975069829931,3.841458820694124
extinguished,4.4120928631911904e-13,0.000441209286319119,9.497492489825786,3.841458820694124
extinguished,4.525386278170167e-13,0.0004525386278170167,9.49747717425562,3.841458820694124
extinguished,4.641588833612777e-13,0.00046415888336127773,9.497460989445464,3.841458820694124
extinguished,4.760775230226369e-13,0.0004760775230226368,9.497443885836805,3.841458820694124
extinguished,4.88302208687788e-13,0.000488302208687788,9.49742581098664,3.841458820694124
extinguished,5.008407989848213e-13,0.0005008407989848212,9.497406709394312,3.841458820694124
extinguished,5.137013543351339e-13,0.0005137013543351339,9.497386522317385,3.841458820694124
extinguished,5.268921421350672e-13,0.0005268921421350671,9.497365187576163,3.841458820694124
extinguished,5.404216420705915e-13,0.0005404216420705915,9.497342639345828,3.841458820694124
extinguished,5.542985515684669e-13,0.0005542985515684668,9.497318807935605,3.841458820694124
extinguished,5.685317913873754e-13,0.0005685317913873754,9.497293619553956,3.841458820694124
extinguished,5.831305113526225e-13,0.0005831305113526224,9.497266996058954,3.841458820694124
extinguished,5.981040962380938e-13,0.0005981040962380938,9.497238854692876,3.841458820694124
extinguished,6.134621717992507e-13,0.0006134621717992507,9.497209107799916,3.841458820694124
extinguished,6.292146109610344e-13,0.0006292146109610344,9.497177662525917,3.841458820694124
extinguished,6.453715401646702e-13,0.0006453715401646702,9.497144420499017,3.841458820694124
extinguished,6.619433458774395e-13,0.0006619433458774394,9.497109277489777,3.841458820694124
extinguished,6.789406812696106e-13,0.0006789406812696106,9.497072123049575,3.841458820694124
extinguished,6.963744730628223e-13,0.0006963744730628222,9.497032840125723,3.841458820694124
extinguished,7.142559285543127e-13,0.0007142559285543127,9.496991304651777,3.841458820694124
extinguished,7.325965428215231e-13,0.000732596542821523,9.496947385111376,3.841458820694124
extinguished,7.51408106111697e-13,0.000751408106111697,9.4969009420738,3.841458820694124
extinguished,7.707027114212295e-13,0.0007707027114212295,9.496851827699407,3.841458820694124
extinguished,7.904927622696421e-13,0.000790492762269642,9.496799885212763,3.841458820694124
extinguished,8.107909806731687e-13,0.0008107909806731687,9.496744948341478,3.841458820694124
extinguished,8.316104153230962e-13,0.0008316104153230961,9.496686840718194,3.841458820694124
extinguished,8.529644499741026e-13,0.0008529644499741026,9.49662537524337,3.841458820694124
extinguished,8.748668120479906e-13,0.0008748668120479906,9.496560353406121,3.841458820694124
extinguished,8.973315814583521e-13,0.000897331581458352,9.496491564560186,3.841458820694124
extinguished,9.203731996618221e-13,0.0009203731996618221,9.496418785152,3.841458820694124
extinguished,9.440064789417603e-13,0.0009440064789417603,9.496341777897573,3.841458820694124
extinguished,9.682466119303124e-13,0.0009682466119303124,9.496260290904495,3.841458820694124
extinguished,9.931091813749801e-13,0.00099310918137498,9.496174056735471,3.841458820694124
extinguished,1.0186101701559753e-12,0.0010186101701559753,9.496082791409089,3.841458820694124
extinguished,1.0447659715608055e-12,0.0010447659715608053,9.495986193333609,3.841458820694124
extinguished,1.0715933998226712e-12,0.001071593399822671,9.495883942168925,3.841458820694124
extinguished,1.0991097009294961e-12,0.0010991097009294961,9.495775697611823,3.841458820694124
extinguished,1.1273325637104872e-12,0.0011273325637104871,9.495661098098944,3.841458820694124
extinguished,1.1562801312073754e-12,0.0011562801312073755,9.495539759421774,3.841458820694124
extinguished,1.1859710123376707e-12,0.0011859710123376707,9.495411273247322,3.841458820694124
extinguished,1.216424293857368e-12,0.001216424293857368,9.495275205537835,3.841458820694124
extinguished,1.2476595526308686e-12,0.0012476595526308685,9.495131094862295,3.841458820694124
extinguished,1.2796968682159415e-12,0.0012796968682159415,9.494978450592011,3.841458820694124
extinguished,1.3125568357718428e-12,0.0013125568357718427,9.49481675097192,3.841458820694124
extinguished,1.3462605792989113e-12,0.001346260579298911,9.494645441058646,3.841458820694124
extinguished,1.3808297652180924e-12,0.0013808297652180923,9.494463930515808,3.841458820694124
extinguished,1.4162866162991974e-12,0.0014162866162991973,9.494271591256052,3.841458820694124
extinguished,1.4526539259467812e-12,0.0014526539259467812,9.494067754918794,3.841458820694124
extinguished,1.4899550728528536e-12,0.0014899550728528536,9.493851710171779,3.841458820694124
extinguished,1.528214036025871e-12,0.0015282140360258708,9.493622699823394,3.841458820694124
extinguished,1.567455410205595e-12,0.001567455410205595,9.493379917732115,3.841458820694124
extinguished,1.6077044216738222e-12,0.0016077044216738221,9.493122505498016,3.841458820694124
extinguished,1.648986944471065e-12,0.001648986944471065,9.492849548920567,3.841458820694124
extinguished,1.6913295170296472e-12,0.001691329517029647,9.492560074205285,3.841458820694124
extinguished,1.7347593592339327e-12,0.0017347593592339325,9.492253043900943,3.841458820694124
extinguished,1.7793043899185774e-12,0.0017793043899185772,9.491927352547354,3.841458820694124
extinguished,1.8249932448161505e-12,0.0018249932448161504,9.491581822012462,3.841458820694124
extinguished,1.8718552949655794e-12,0.0018718552949655793,9.491215196495784,3.841458820694124
extinguished,1.919920665593283e-12,0.0019199206655932828,9.49082613717356,3.841458820694124
extinguished,1.969220255479174e-12,0.0019692202554791737,9.490413216459332,3.841458820694124
extinguished,2.0197857568198786e-12,0.0020197857568198785,9.48997491185149,3.841458820694124
extinguished,2.071649675602067e-12,0.002071649675602067,9.489509599337593,3.841458820694124
extinguished,2.1248453524988827e-12,0.0021248453524988827,9.489015546322934,3.841458820694124
extinguished,2.179406984302954e-12,0.002179406984302954,9.488490904048648,3.841458820694124
extinguished,2.235369645909797e-12,0.0022353696459097966,9.487933699462193,3.841458820694124
extinguished,2.292769312865649e-12,0.002292769312865649,9.487341826500792,3.841458820694124
extinguished,2.3516428844943515e-12,0.002351642884494351,9.486713036745437,3.841458820694124
extinguished,2.412028207618007e-12,0.002412028207618007,9.486044929400759,3.841458820694124
extinguished,2.4739641008868116e-12,0.0024739641008868114,9.485334940552972,3.841458820694124
extinguished,2.537490379733572e-12,0.0025374903797335717,9.484580331655415,3.841458820694124
extinguished,2.6026478819690043e-12,0.0026026478819690044,9.48377817718819,3.841458820694124
extinguished,2.6694784940343237e-12,0.0026694784940343237,9.482925351435577,3.841458820694124
extinguished,2.7380251779278577e-12,0.0027380251779278576,9.482018514321696,3.841458820694124
extinguished,2.80833199882317e-12,0.00280833199882317,9.481054096242238,3.841458820694124
extinguished,2.8804441533962983e-12,0.002880444153396298,9.480028281827028,3.841458820694124
extinguished,2.95440799888038e-12,0.00295440799888038,9.478936992565545,3.841458820694124
extinguished,3.0302710828663996e-12,0.0030302710828663993,9.47777586822491,3.841458820694124
extinguished,3.1080821738690642e-12,0.003108082173869064,9.476540246987577,3.841458820694124
extinguished,3.1878912926776425e-12,0.0031878912926776425,9.475225144234006,3.841458820694124
extinguished,3.2697497445117682e-12,0.003269749744511768,9.47382522989403,3.841458820694124
extinguished,3.353710152002929e-12,0.0033537101520029287,9.472334804289591,3.841458820694124
extinguished,3.4398264890229283e-12,0.003439826489022928,9.470747772391094,3.841458820694124
extinguished,3.5281541153808835e-12,0.003528154115380883,9.46905761641013,3.841458820694124
extinguished,3.6187498124112772e-12,0.003618749812411277,9.46725736665258,3.841458820694124
extinguished,3.711671819475767e-12,0.003711671819475767,9.465339570558385,3.841458820694124
extinguished,3.8069798714022845e-12,0.003806979871402284,9.46329625985808,3.841458820694124
extinguished,3.904735236885564e-12,0.003904735236885564,9.461118915781242,3.841458820694124
extinguished,4.005000757873611e-12,0.004005000757873611,9.458798432258673,3.841458820694124
extinguished,4.1078408899656425e-12,0.004107840889965643,9.4563250770688,3.841458820694124
extinguished,4.213321743847289e-12,0.004213321743847289,9.453688450889652,3.841458820694124
extinguished,4.321511127789763e-12,0.004321511127789762,9.450877444230603,3.841458820694124
extinguished,4.432478591240401e-12,0.0044324785912404005,9.447880192234077,3.841458820694124
extinguished,4.5462954695323995e-12,0.0045462954695324,9.4446840273557,3.841458820694124
extinguished,4.663034929742726e-12,0.004663034929742726,9.441275429953452,3.841458820694124
extinguished,4.7827720177274856e-12,0.0047827720177274855,9.437639976840918,3.841458820694124
extinguished,4.905583706365046e-12,0.004905583706365045,9.433762287889259,3.841458820694124
extinguished,5.031548945038057e-12,0.005031548945038057,9.42962597079421,3.841458820694124
extinguished,5.160748710385908e-12,0.005160748710385908,9.425213564161778,3.841458820694124
extinguished,5.293266058360556e-12,0.005293266058360556,9.420506479106802,3.841458820694124
extinguished,5.429186177618943e-12,0.005429186177618943,9.41548493960379,3.841458820694124
extinguished,5.56859644428641e-12,0.005568596444286409,9.410127921879104,3.841458820694124
extinguished,5.711586478126435e-12,0.0057115864781264345,9.4044130931874,3.841458820694124
extinguished,5.858248200152536e-12,0.005858248200152536,9.398316750373475,3.841458820694124
extinguished,6.008675891719681e-12,0.0060086758917196805,9.391813758682973,3.841458820694124
extinguished,6.162966255132943e-12,0.006162966255132942,9.384877491351086,3.841458820694124
extinguished,6.321218475812449e-12,0.0063212184758124484,9.377479770567891,3.841458820694124
extinguished,6.483534286054727e-12,0.006483534286054727,9.369590810490383,3.841458820694124
extinguished,6.6500180304311185e-12,0.006650018030431118,9.361179163045055,3.841458820694124
extinguished,6.820776732865679e-12,0.0068207767328656785,9.352211667339175,3.841458820694124
extinguished,6.995920165435375e-12,0.006995920165435375,9.342653403573122,3.841458820694124
extinguished,7.1755609189369215e-12,0.0071755609189369214,9.3324676524184,3.841458820694124
extinguished,7.359814475265772e-12,0.007359814475265771,9.321615860895287,3.841458820694124
extinguished,7.548799281653432e-12,0.007548799281653432,9.31005761584852,3.841458820694124
extinguished,7.742636826811278e-12,0.007742636826811277,9.297750626176223,3.841458820694124
extinguished,7.94145171902934e-12,0.00794145171902934,9.284650715016603,3.841458820694124
extinguished,8.145371766280738e-12,0.008145371766280737,9.270711823133365,3.841458820694124
extinguished,8.354528058382872e-12,0.008354528058382871,9.255886024764985,3.841458820694124
extinguished,8.569055051268349e-12,0.008569055051268348,9.240123557210811,3.841458820694124
extinguished,8.789090653419963e-12,0.008789090653419963,9.223372865416135,3.841458820694124
extinguished,9.014776314524918e-12,0.009014776314524917,9.205580662787893,3.841458820694124
extinguished,9.246257116405733e-12,0.009246257116405733,9.186692009418122,3.841458820694124
extinguished,9.483681866285928e-12,0.009483681866285927,9.16665040881392,3.841458820694124
extinguished,9.727203192450537e-12,0.009727203192450537,9.145397924127359,3.841458820694124
extinguished,9.976977642363211e-12,0.009976977642363211,9.122875314745686,3.841458820694124
extinguished,1.023316578330245e-11,0.01023316578330245,9.09902219394046,3.841458820694124
extinguished,1.0495932305582266e-11,0.010495932305582266,9.073777208083834,3.841458820694124
extinguished,1.076544612842316e-11,0.010765446128423159,9.047078237721097,3.841458820694124
extinguished,1.1041880508541602e-11,0.011041880508541602,9.018862620542322,3.841458820694124
extinguished,1.1325413151528127e-11,0.011325413151528126,8.989067396024492,3.841458820694124
extinguished,1.161622632608502e-11,0.011616226326085019,8.957629571220929,3.841458820694124
extinguished,1.1914506981197748e-11,0.011914506981197748,8.924486406862025,3.841458820694124
extinguished,1.2220446866314887e-11,0.012220446866314887,8.889575722603507,3.841458820694124
extinguished,1.2534242654613995e-11,0.012534242654613994,8.852836219921732,3.841458820694124
extinguished,1.2856096069432967e-11,0.012856096069432965,8.814207820815344,3.841458820694124
extinguished,1.3186214013947487e-11,0.013186214013947485,8.77363202013661,3.841458820694124
extinguished,1.3524808704178741e-11,0.01352480870417874,8.731052249049279,3.841458820694124
extinguished,1.387209780541621e-11,0.01387209780541621,8.686414246802578,3.841458820694124
extinguished,1.422830457214352e-11,0.014228304572143519,8.639666437728378,3.841458820694124
extinguished,1.4593657991557578e-11,0.014593657991557577,8.590760310119467,3.841458820694124
extinguished,1.4968392930772557e-11,0.014968392930772555,8.539650793438083,3.841458820694124
extinguished,1.5352750287804212e-11,0.015352750287804211,8.486296630141323,3.841458820694124
extinguished,1.5746977146430866e-11,0.015746977146430866,8.430660738300075,3.841458820694124
extinguished,1.61513269350309e-11,0.016151326935030897,8.37271056113521,3.841458820694124
extinguished,1.6566059589499153e-11,0.016566059589499152,8.312418399601897,3.841458820694124
extinguished,1.699144172034626e-11,0.01699144172034626,8.249761724222529,3.841458820694124
extinguished,1.7427746784089174e-11,0.017427746784089173,8.18472346250087,3.841458820694124
extinguished,1.7875255259042354e-11,0.017875255259042353,8.11729225844362,3.841458820694124
extinguished,1.833425482562289e-11,0.018334254825622887,8.047462700968106,3.841458820694124
extinguished,1.8805040551285835e-11,0.018805040551285835,7.975235518281015,3.841458820694124
extinguished,1.928791508020778e-11,0.019287915080207777,7.900617735668827,3.841458820694124
extinguished,1.9783188827841624e-11,0.019783188827841622,7.823622794536997,3.841458820694124
extinguished,2.029118018046678e-11,0.02029118018046678,7.744270630965924,3.841458820694124
extinguished,2.0812215699863373e-11,0.02081221569986337,7.662587712507183,3.841458820694124
extinguished,2.1346630333242453e-11,0.021346630333242453,7.578607032415266,3.841458820694124
extinguished,2.189476762856621e-11,0.02189476762856621,7.49236806098892,3.841458820694124
extinguished,2.2456979955397718e-11,0.022456979955397718,7.403916654172789,3.841458820694124
extinguished,2.3033628731421313e-11,0.023033628731421313,7.31330492003683,3.841458820694124
extinguished,2.362508465477945e-11,0.02362508465477945,7.220591044199888,3.841458820694124
extinguished,2.4231727942376006e-11,0.024231727942376005,7.125839075688483,3.841458820694124
extinguished,2.4853948574297988e-11,0.024853948574297985,7.029118675117422,3.841458820694124
extinguished,2.5492146544514258e-11,0.025492146544514257,6.930504827440207,3.841458820694124
extinguished,2.614673211801092e-11,0.02614673211801092,6.830077521843072,3.841458820694124
extinguished,2.681812609453013e-11,0.026818126094530128,6.727921401643499,3.841458820694124
extinguished,2.7506760079080674e-11,0.027506760079080674,6.624125387303414,3.841458820694124
extinguished,2.821307675939471e-11,0.028213076759394707,6.51878227587796,3.841458820694124
extinguished,2.8937530190509532e-11,0.02893753019050953,6.411988320394888,3.841458820694124
extinguished,2.9680586086656026e-11,0.029680586086656024,6.303842792798096,3.841458820694124
extinguished,3.0442722120643e-11,0.030442722120642998,6.194447534194031,3.841458820694124
extinguished,3.122442823092858e-11,0.03122442823092858,6.083906496212967,3.841458820694124
extinguished,3.20262069365765e-11,0.0320262069365765,5.972325277340574,3.841458820694124
extinguished,3.284857366030048e-11,0.03284857366030047,5.859810658089678,3.841458820694124
extinguished,3.369205705980268e-11,0.033692057059802674,5.746470138869065,3.841458820694124
extinguished,3.4557199367621366e-11,0.03455719936762136,5.632411484365307,3.841458820694124
extinguished,3.544455673970436e-11,0.035444556739704355,5.517742278185622,3.841458820694124
extinguished,3.6354699612933183e-11,0.03635469961293318,5.402569491413482,3.841458820694124
extinguished,3.728821307182838e-11,0.03728821307182838,5.286999068603348,3.841458820694124
extinguished,3.824569722467e-11,0.03824569722466999,5.171135534586647,3.841458820694124
extinguished,3.922776758927716e-11,0.03922776758927716,5.055081625274598,3.841458820694124
extinguished,4.023505548869293e-11,0.04023505548869293,4.938937945426968,3.841458820694124
extinguished,4.1268208457029524e-11,0.04126820845702952,4.822802656105794,3.841458820694124
extinguished,4.232789065573553e-11,0.04232789065573553,4.7067711942523145,3.841458820694124
extinguished,4.341478330055093e-11,0.04341478330055092,4.590936026512421,3.841458820694124
extinguished,4.452958509942651e-11,0.044529585099426505,4.475386439093555,3.841458820694124
extinguished,4.5673012701687474e-11,0.04567301270168747,4.360208365066136,3.841458820694124
extinguished,4.684580115873045e-11,0.04684580115873045,4.245484250127796,3.841458820694124
extinguished,4.804870439655134e-11,0.04804870439655134,4.131292957433186,3.841458820694124
extinguished,4.928249570040514e-11,0.04928249570040513,4.017709711660786,3.841458820694124
extinguished,5.0547968211912357e-11,0.050547968211912354,3.904806082044255,3.841458820694124
extinguished,5.1845935438929136e-11,0.05184593543892913,3.792650003647743,3.841458820694124
extinguished,5.317723177850967e-11,0.053177231778509665,3.6813058357150656,3.841458820694124
extinguished,5.454271305329837e-11,0.054542713053298365,3.570834455479941,3.841458820694124
extinguished,5.594325706169378e-11,0.05594325706169378,3.46129338539408,3.841458820694124
extinguished,5.737976414214128e-11,0.05737976414214128,3.3527369513168317,3.841458820694124
extinguished,5.885315775191451e-11,0.058853157751914506,3.245216468822456,3.841458820694124
extinguished,6.036438506075864e-11,0.06036438506075864,3.1387804544220996,3.841458820694124
extinguished,6.191441755977847e-11,0.06191441755977847,3.0334748581744595,3.841458820694124
extinguished,6.350425168595963e-11,0.06350425168595962,2.929343313876186,3.841458820694124
extinguished,6.513490946272796e-11,0.06513490946272796,2.826427402784805,3.841458820694124
extinguished,6.680743915695615e-11,0.06680743915695615,2.7247669266382624,3.841458820694124
extinguished,6.852291595284057e-11,0.06852291595284057,2.624400185598937,3.841458820694124
extinguished,7.028244264308353e-11,0.07028244264308353,2.525364256670461,3.841458820694124
extinguished,7.208715033782137e-11,0.07208715033782136,2.4276952681149577,3.841458820694124
extinguished,7.393819919175858e-11,0.07393819919175858,2.331428665438423,3.841458820694124
extinguished,7.58367791499719e-11,0.0758367791499719,2.2365994646154994,3.841458820694124
extinguished,7.778411071286483e-11,0.07778411071286483,2.1432424883908485,3.841458820694124
extinguished,7.978144572076629e-11,0.07978144572076629,2.0513925817241097,3.841458820694124
extinguished,8.18300681586739e-11,0.0818300681586739,1.961084802737196,3.841458820694124
extinguished,8.393129498166372e-11,0.08393129498166373,1.8723545858740676,3.841458820694124
extinguished,8.608647696149245e-11,0.08608647696149245,1.7852378743918014,3.841458820694124
extinguished,8.70973759917289e-11,0.0870973759917289,1.7456766497154357,3.841458820694124
extinguished,8.829699955494083e-11,0.08829699955494083,1.6997712197617305,3.841458820694124
extinguished,8.961838439509025e-11,0.08961838439509025,1.6504792034464313,3.841458820694124
extinguished,9.056428379445295e-11,0.09056428379445294,1.615991846066868,3.841458820694124
extinguished,9.213939279845159e-11,0.09213939279845158,1.5599982780627055,3.841458820694124
extinguished,9.288978720164499e-11,0.09288978720164498,1.5339376780277354,3.841458820694124
extinguished,9.466040120181293e-11,0.09466040120181293,1.4739721967018184,3.841458820694124
extinguished,9.5275004724273e-11,0.095275004724273,1.4536473318665097,3.841458820694124
extinguished,9.718140960517428e-11,0.09718140960517427,1.392159881248539,3.841458820694124
extinguished,9.772146969725725e-11,0.09772146969725724,1.3751600688192154,3.841458820694124
extinguished,9.970241800853563e-11,0.09970241800853562,1.3143386583004506,3.841458820694124
extinguished,1.0023075482838644e-10,0.10023075482838643,1.2985157117168313,3.841458820694124
extinguished,1.0222342641189697e-10,0.10222342641189697,1.240302320539015,3.841458820694124
extinguished,1.0280447320933098e-10,0.10280447320933098,1.2237545256689204,3.841458820694124
extinguished,1.0474443481525831e-10,0.1047444348152583,1.1698594174277663,3.841458820694124
extinguished,1.0544427935261684e-10,0.10544427935261684,1.1509170644847904,3.841458820694124
extinguished,1.0726544321861966e-10,0.10726544321861965,1.1028317503510932,3.841458820694124
extinguished,1.0815187025522892e-10,0.10815187025522892,1.0800439850464862,3.841458820694124
extinguished,1.09786451621981e-10,0.109786451621981,1.0390530489710328,3.841458820694124
extinguished,1.1092898648952229e-10,0.11092898648952228,1.0111758323932876,3.841458820694124
extinguished,1.1230746002534235e-10,0.11230746002534234,0.9783678074822563,3.841458820694124
extinguished,1.1377741332214904e-10,0.11377741332214902,0.9443527987768561,3.841458820694124
extinguished,1.148284684287037e-10,0.11482846842870369,0.9206302614319511,3.841458820694124
extinguished,1.1669898186171475e-10,0.11669898186171475,0.8796144603900186,3.841458820694124
extinguished,1.1734947683206503e-10,0.11734947683206504,0.8657034877395655,3.841458820694124
extinguished,1.1969557023590428e-10,0.11969557023590428,0.8169994958499501,3.841458820694124
extinguished,1.198704852354264e-10,0.11987048523542637,0.8134586124369271,3.841458820694124
extinguished,1.2239149363878773e-10,0.12239149363878772,0.7637741124140711,3.841458820694124
extinguished,1.2276910479883606e-10,0.12276910479883604,0.7565453908205035,3.841458820694124
extinguished,1.2491250204214909e-10,0.12491250204214907,0.7165351990808758,3.841458820694124
extinguished,1.259215613694151e-10,0.1259215613694151,0.6982881333815038,3.841458820694124
extinguished,1.2743351044551042e-10,0.1274335104455104,0.6716332733307283,3.841458820694124
extinguished,1.2915496650148827e-10,0.12915496650148828,0.642261904889932,3.841458820694124
extinguished,1.2995451884887176e-10,0.12995451884887174,0.628965442520603,3.841458820694124
extinguished,1.3247139878661175e-10,0.13247139878661174,0.5884987711262702,3.841458820694124
extinguished,1.3247552725223312e-10,0.1324755272522331,0.5884340913678634,3.841458820694124
extinguished,1.3499653565559445e-10,0.13499653565559444,0.549946499715688,3.841458820694124
extinguished,1.3587299019027093e-10,0.1358729901902709,0.5370283784774093,3.841458820694124
extinguished,1.3751754405895578e-10,0.13751754405895578,0.5134145010470816,3.841458820694124
extinguished,1.3936192742241436e-10,0.13936192742241435,0.4878776597767214,3.841458820694124
extinguished,1.4003855246231712e-10,0.1400385524623171,0.4787541764425269,3.841458820694124
extinguished,1.4255956086567848e-10,0.14255956086567848,0.4458855793897879,3.841458820694124
extinguished,1.4294045334317611e-10,0.1429404533431761,0.44107055420501345,3.841458820694124
extinguished,1.450805692690398e-10,0.1450805692690398,0.414732487476685,3.841458820694124
extinguished,1.4661086840469833e-10,0.1466108684046983,0.39662774535797246,3.841458820694124
extinguished,1.4760157767240117e-10,0.14760157767240117,0.38522217753919097,3.841458820694124
extinguished,1.501225860757625e-10,0.1501225860757625,0.35728522130697676,3.841458820694124
extinguished,1.5037553212997386e-10,0.15037553212997384,0.3545664212136097,3.841458820694124
extinguished,1.5264359447912387e-10,0.15264359447912385,0.33085529899579047,3.841458820694124
extinguished,1.5423686462966276e-10,0.15423686462966274,0.3149000592948207,3.841458820694124
extinguished,1.551646028824852e-10,0.15516460288248518,0.3058690286475169,3.841458820694124
extinguished,1.5768561128584656e-10,0.15768561128584654,0.2822658093229631,3.841458820694124
extinguished,1.5819734815786016e-10,0.15819734815786016,0.27763823982804825,3.841458820694124
extinguished,1.602066196892079e-10,0.16020661968920788,0.2599876765136452,3.841458820694124
extinguished,1.6225952870780873e-10,0.16225952870780871,0.24278648915995996,3.841458820694124
extinguished,1.6272762809256926e-10,0.16272762809256924,0.2389791683646671,3.841458820694124
extinguished,1.652486364959306e-10,0.16524863649593058,0.21918720149402027,3.841458820694124
extinguished,1.664260176485902e-10,0.1664260176485902,0.21034615512142626,3.841458820694124
extinguished,1.6776964489929192e-10,0.16776964489929191,0.20056095536046153,3.841458820694124
extinguished,1.7029065330265326e-10,0.17029065330265325,0.18305176427470432,3.841458820694124
extinguished,1.7069949340384082e-10,0.1706994934038408,0.18031431543580334,3.841458820694124
extinguished,1.728116617060146e-10,0.17281166170601459,0.1666130162710725,3.841458820694124
extinguished,1.7508270317357234e-10,0.17508270317357233,0.15268371966786937,3.841458820694124
extinguished,1.7533267010937595e-10,0.17533267010937595,0.15120005816207302,3.841458820694124
extinguished,1.778536785127373e-10,0.17785367851273728,0.13677010618778992,3.841458820694124
extinguished,1.795784647002097e-10,0.1795784647002097,0.1274427646150286,3.841458820694124
extinguished,1.8037468691609865e-10,0.18037468691609865,0.12328216174936277,3.841458820694124
extinguished,1.8289569531945998e-10,0.18289569531945998,0.11069693178154034,3.841458820694124
extinguished,1.841896680799711e-10,0.1841896680799711,0.10457550246581113,3.841458820694124
extinguished,1.8541670372282134e-10,0.18541670372282132,0.09897675337571486,3.841458820694124
extinguished,1.8793771212618268e-10,0.18793771212618265,0.08808552231312668,3.841458820694124
extinguished,1.8891927762076645e-10,0.18891927762076643,0.0840616805042587,3.841458820694124
extinguished,1.9045872052954404e-10,0.19045872052954402,0.0779886252092691,3.841458820694124
extinguished,1.9297972893290537e-10,0.19297972893290535,0.06865287500583665,3.841458820694124
extinguished,1.937703337477989e-10,0.1937703337477989,0.06587681063456238,3.841458820694124
extinguished,1.9550073733626673e-10,0.19550073733626672,0.060046449576953154,3.841458820694124
extinguished,1.9802174573962807e-10,0.19802174573962805,0.052138833242336424,3.841458820694124
extinguished,1.987459549580982e-10,0.1987459549580982,0.04999226654816766,3.841458820694124
extinguished,2.005427541429894e-10,0.2005427541429894,0.04490076100222267,3.841458820694124
extinguished,2.0306376254635073e-10,0.20306376254635072,0.03830416532841444,3.841458820694124
extinguished,2.0384933982524642e-10,0.20384933982524642,0.03637540596514513,3.841458820694124
extinguished,2.0558477094971207e-10,0.20558477094971206,0.032322125361706686,3.841458820694124
extinguished,2.0810577935307343e-10,0.20810577935307342,0.026928818380698993,3.841458820694124
extinguished,2.09083769055575e-10,0.209083769055575,0.024989715060137405,3.841458820694124
extinguished,2.106267877564348e-10,0.21062678775643479,0.022099473418893748,3.841458820694124
extinguished,2.1314779615979612e-10,0.21314779615979612,0.017810326917722108,3.841458820694124
extinguished,2.1445260759716653e-10,0.21445260759716653,0.015794971937321822,3.841458820694124
extinguished,2.1566880456315746e-10,0.21566880456315746,0.01403858031237288,3.841458820694124
extinguished,2.1818981296651882e-10,0.2181898129665188,0.010762359455296355,3.841458820694124
extinguished,2.199593068030075e-10,0.2199593068030075,0.008747425852061001,3.841458820694124
extinguished,2.2071082136988018e-10,0.22071082136988016,0.00796067578926786,3.841458820694124
extinguished,2.232318297732415e-10,0.2232318297732415,0.005613389187988926,3.841458820694124
extinguished,2.2560740664968595e-10,0.22560740664968593,0.003799988792527534,3.841458820694124
extinguished,2.2575283817660285e-10,0.22575283817660283,0.0037011723878419,3.841458820694124
extinguished,2.282738465799642e-10,0.2282738465799642,0.0022054769389760753,3.841458820694124
extinguished,2.3079485498332554e-10,0.23079485498332553,0.001108500608283658,3.841458820694124
extinguished,2.314005380130654e-10,0.2314005380130654,0.0009024360317095442,3.841458820694124
extinguished,2.333158633866869e-10,0.23331586338668686,0.00039315617077033405,3.841458820694124
extinguished,2.358368717900482e-10,0.2358368717900482,4.304152904748004e-05,3.841458820694124
extinguished,2.370973759917289e-10,0.2370973759917289,0.0,3.841458820694124
extinguished,2.3734242500238665e-10,0.23734242500238661,1.6123385092325915e-06,3.841458820694124
extinguished,2.3835788019340957e-10,0.23835788019340956,4.241110404708259e-05,3.841458820694124
extinguished,2.4087888859677093e-10,0.2408788885967709,0.0003761484426928821,3.841458820694124
extinguished,2.4339989700013224e-10,0.24339989700013223,0.0010297399909544105,3.841458820694124
extinguished,2.4343688735431083e-10,0.2434368873543108,0.0010416406914922835,3.841458820694124
extinguished,2.459209054034936e-10,0.2459209054034936,0.001989249983243291,3.841458820694124
extinguished,2.4844191380685496e-10,0.24844191380685493,0.003241296401006351,3.841458820694124
extinguished,2.496878428884327e-10,0.24968784288843268,0.0039641305650236006,3.841458820694124
extinguished,2.5096292221021627e-10,0.25096292221021627,0.004773027955816064,3.841458820694124
extinguished,2.534839306135777e-10,0.25348393061357766,0.00657210205391983,3.841458820694124
extinguished,2.56004939016939e-10,0.256004939016939,0.008626663701083101,3.841458820694124
extinguished,2.5609931002584567e-10,0.2560993100258457,0.008708383147865498,3.841458820694124
extinguished,2.5852594742030035e-10,0.25852594742030033,0.010925325308439211,3.841458820694124
extinguished,2.6104695582366166e-10,0.26104695582366166,0.013457147361416177,3.841458820694124
extinguished,2.626754103723839e-10,0.26267541037238384,0.015211591199732616,3.841458820694124
extinguished,2.63567964227023e-10,0.263567964227023,0.016211619915554136,3.841458820694124
extinguished,2.660889726303844e-10,0.26608897263038434,0.019178644884380175,3.841458820694124
extinguished,2.686099810337457e-10,0.26860998103374567,0.022348519085994833,3.841458820694124
extinguished,2.6942037136818825e-10,0.26942037136818825,0.0234090316416323,3.841458820694124
extinguished,2.7113098943710705e-10,0.271130989437107,0.025711918016230184,3.841458820694124
extinguished,2.7365199784046835e-10,0.27365199784046834,0.029259880317709583,3.841458820694124
extinguished,2.761730062438297e-10,0.2761730062438297,0.03298379291515399,3.841458820694124
extinguished,2.7633852900531724e-10,0.27633852900531725,0.033234249399707524,3.841458820694124
extinguished,2.7869401464719107e-10,0.27869401464719107,0.036875376788602504,3.841458820694124
extinguished,2.8121502305055243e-10,0.2812150230505524,0.040926673357368284,3.841458820694124
extinguished,2.8343433061513093e-10,0.2834343306151309,0.04461923146749456,3.841458820694124
extinguished,2.8373603145391374e-10,0.28373603145391374,0.04513003144851393,3.841458820694124
extinguished,2.8625703985727515e-10,0.28625703985727513,0.04947809482478381,3.841458820694124
extinguished,2.8877804826063646e-10,0.28877804826063647,0.05396379024792848,3.841458820694124
extinguished,2.9071233772725753e-10,0.2907123377272575,0.05749457060603546,3.841458820694124
extinguished,2.912990566639978e-10,0.2912990566639978,0.05858031605430591,3.841458820694124
extinguished,2.9382006506735913e-10,0.29382006506735914,0.06332113122066788,3.841458820694124
extinguished,2.963410734707205e-10,0.2963410734707205,0.0681799448987077,3.841458820694124
extinguished,2.9817722900196737e-10,0.29817722900196736,0.0717896185512424,3.841458820694124
extinguished,2.9886208187408185e-10,0.2988620818740818,0.07315070639823777,3.841458820694124
extinguished,3.0138309027744316e-10,0.30138309027744314,0.07822759559926017,3.841458820694124
extinguished,3.039040986808045e-10,0.3039040986808045,0.08340501377430802,3.841458820694124
extinguished,3.058338032378432e-10,0.30583380323784315,0.08743262903249376,3.841458820694124
extinguished,3.0642510708416583e-10,0.3064251070841658,0.08867757480309021,3.841458820694124
extinguished,3.0894611548752724e-10,0.3089461154875272,0.09404009676223547,3.841458820694124
extinguished,3.1146712389088855e-10,0.31146712389088854,0.09948759387372504,3.841458820694124
extinguished,3.13686982456688e-10,0.31368698245668797,0.10435089131195958,3.841458820694124
extinguished,3.139881322942499e-10,0.3139881322942499,0.10501526879620661,3.841458820694124
extinguished,3.165091406976112e-10,0.3165091406976112,0.11061850524405822,3.841458820694124
extinguished,3.1903014910097263e-10,0.3190301491009726,0.11629286091987753,3.841458820694124
extinguished,3.2155115750433394e-10,0.32155115750433394,0.1220340607464062,3.841458820694124
extinguished,3.217418150676372e-10,0.32174181506763716,0.12247085532129075,3.841458820694124
extinguished,3.240721659076953e-10,0.3240721659076953,0.127837990384818,3.841458820694124
extinguished,3.265931743110566e-10,0.3265931743110566,0.13370069002659885,3.841458820694124
extinguished,3.2911418271441797e-10,0.32911418271441795,0.13961834844691476,3.841458820694124
extinguished,3.300034791125282e-10,0.3300034791125282,0.141718249789583,3.841458820694124
extinguished,3.3163519111777933e-10,0.3316351911177793,0.1455872973080271,3.841458820694124
extinguished,3.3415619952114064e-10,0.3341561995211406,0.1516040057014927,3.841458820694124
extinguished,3.36677207924502e-10,0.33667720792450195,0.1576650749186793,3.841458820694124
extinguished,3.384772855945983e-10,0.3384772855945983,0.16201819501703885,3.841458820694124
extinguished,3.3919821632786336e-10,0.33919821632786334,0.16376723343948343,3.841458820694124
extinguished,3.417192247312247e-10,0.3417192247312247,0.16990733212953607,3.841458820694124
extinguished,3.44240233134586e-10,0.344240233134586,0.17608233963669304,3.841458820694124
extinguished,3.467612415379474e-10,0.34676124153794735,0.18228933797792904,3.841458820694124
extinguished,3.4716868189265595e-10,0.34716868189265593,0.18329531214475273,3.841458820694124
extinguished,3.492822499413087e-10,0.3492822499413087,0.18852551830832087,3.841458820694124
extinguished,3.5180325834467005e-10,0.35180325834467,0.19478817686389374,3.841458820694124
extinguished,3.543242667480314e-10,0.3543242667480314,0.20107471107082275,3.841458820694124
extinguished,3.560832552629282e-10,0.35608325526292817,0.20547383089782217,3.841458820694124
extinguished,3.5684527515139277e-10,0.35684527515139275,0.20738261581347908,3.841458820694124
extinguished,3.593662835547541e-10,0.3593662835547541,0.21370947985440736,3.841458820694124
extinguished,3.6188729195811544e-10,0.3618872919581154,0.22005298239951251,3.841458820694124
extinguished,3.644083003614768e-10,0.36440830036147676,0.2264108898020374,3.841458820694124
extinguished,3.6522673643081755e-10,0.36522673643081754,0.22847769783443037,3.841458820694124
extinguished,3.669293087648381e-10,0.3669293087648381,0.23278105239923386,3.841458820694124
extinguished,3.694503171681995e-10,0.3694503171681995,0.2391614014759201,3.841458820694124
extinguished,3.7197132557156083e-10,0.3719713255715608,0.24554994634934726,3.841458820694124
extinguished,3.744923339749222e-10,0.37449233397492215,0.2519447715700279,3.841458820694124
extinguished,3.7460500327489895e-10,0.37460500327489893,0.2522306871154817,3.841458820694124
extinguished,3.770133423782835e-10,0.3770133423782835,0.258344034233535,3.841458820694124
extinguished,3.7953435078164486e-10,0.3795343507816448,0.26474596139833967,3.841458820694124
extinguished,3.8205535918500617e-10,0.38205535918500616,0.2711488476051871,3.841458820694124
extinguished,3.8422408460550613e-10,0.3842240846055061,0.2766565157205289,3.841458820694124
extinguished,3.8457636758836753e-10,0.3845763675883675,0.27755105249342193,3.841458820694124
extinguished,3.870973759917289e-10,0.3870973759917289,0.28395099851030725,3.841458820694124
extinguished,3.9409016404034475e-10,0.39409016404034475,0.3016789648783297,3.841458820694124
extinguished,4.0420958397963105e-10,0.404209583979631,0.3272220092602994,3.841458820694124
extinguished,4.1458884968329116e-10,0.4145888496832911,0.35320995520925386,3.841458820694124
extinguished,4.252346334528678e-10,0.42523463345286777,0.3795675889528864,3.841458820694124
extinguished,4.3615377892080064e-10,0.4361537789208006,0.4062203353908007,3.841458820694124
extinguished,4.4735330544984636e-10,0.4473533054498463,0.433094427657885,3.841458820694124
extinguished,4.5884041264547617e-10,0.45884041264547615,0.46011708726473655,3.841458820694124
extinguished,4.706224849841282e-10,0.4706224849841282,0.4872167142116676,3.841458820694124
extinguished,4.827070965603178e-10,0.4827070965603178,0.5143230860764998,3.841458820694124
extinguished,4.951020159556352e-10,0.49510201595563513,0.5413675646999838,3.841458820694124
extinguished,5.078152112327671e-10,0.5078152112327671,0.5682833087457089,3.841458820694124
extinguished,5.208548550577665e-10,0.5208548550577665,0.5950054901037067,3.841458820694124
extinguished,5.342293299538352e-10,0.5342293299538352,0.6214715118454343,3.841458820694124
extinguished,5.479472336900282e-10,0.5479472336900282,0.6476212252289406,3.841458820694124
extinguished,5.620173848083188e-10,0.5620173848083188,0.6733971431013841,3.841458820694124
extinguished,5.764488282925874e-10,0.5764488282925874,0.6987446469533445,3.841458820694124
extinguished,5.912508413831882e-10,0.5912508413831882,0.723612184847901,3.841458820694124
extinguished,6.064329395408062e-10,0.6064329395408061,0.7479514574747388,3.841458820694124
extinguished,6.220048825634706e-10,0.6220048825634705,0.7717175896655064,3.841458820694124
extinguished,6.379766808606283e-10,0.6379766808606282,0.7948692848454025,3.841458820694124
extinguished,6.54358601888323e-10,0.654358601888323,0.8173689600854231,3.841458820694124
extinguished,6.711611767496288e-10,0.6711611767496287,0.8391828596524594,3.841458820694124
extinguished,6.883952069645497e-10,0.6883952069645496,0.8602811452258817,3.841458820694124
extinguished,7.060717714137766e-10,0.7060717714137765,0.8806379612521933,3.841458820694124
extinguished,7.242022334607316e-10,0.7242022334607315,0.9002314742379003,3.841458820694124
extinguished,7.427982482564912e-10,0.7427982482564911,0.9190438851276391,3.841458820694124
extinguished,7.618717702322999e-10,0.7618717702322999,0.9370614142739478,3.841458820694124
extinguished,7.814350607844543e-10,0.7814350607844542,0.9542742588703432,3.841458820694124
extinguished,8.015006961565398e-10,0.8015006961565397,0.9706765230843659,3.841458820694124
extinguished,8.220815755240541e-10,0.822081575524054,0.9862661214865304,3.841458820694124
extinguished,8.431909292866251e-10,0.8431909292866251,1.0010446567195168,3.841458820694124
extinguished,8.648423275731728e-10,0.8648423275731727,1.015017272683492,3.841458820694124
extinguished,8.870496889654404e-10,0.8870496889654403,1.0281924848246948,3.841458820694124
extinguished,9.098272894455568e-10,0.9098272894455568,1.0405819894000485,3.841458820694124
extinguished,9.33189771573324e-10,0.9331897715733238,1.052200453846965,3.841458820694124
extinguished,9.571521538991857e-10,0.9571521538991856,1.0630652906112001,3.841458820694124
extinguished,9.817298406188841e-10,0.9817298406188841,1.0731964169730188,3.841458820694124
extinguished,1.0069386314760272e-09,1.0069386314760271,1.0826160035607877,3.841458820694124
extinguished,1.0327947319189526e-09,1.0327947319189525,1.0913482143489568,3.841458820694124
extinguished,1.05931476351837e-09,1.05931476351837,1.0994189410025923,3.841458820694124
extinguished,1.0865157746525374e-09,1.0865157746525373,1.1068555344525892,3.841458820694124
extinguished,1.1144152514667882e-09,1.1144152514667882,1.1136865365639521,3.841458820694124
extinguished,1.1430311291144785e-09,1.1430311291144786,1.1199414146946225,3.841458820694124
extinguished,1.1723818032866e-09,1.1723818032865998,1.125650301836015,3.841458820694124
extinguished,1.2024861420374123e-09,1.2024861420374122,1.1308437448802766,3.841458820694124
extinguished,1.2333634979137747e-09,1.2333634979137746,1.135552463377115,3.841458820694124
extinguished,1.2650337203959039e-09,1.265033720395904,1.139807120927568,3.841458820694124
extinguished,1.2975171686575869e-09,1.2975171686575868,1.1436381111188005,3.841458820694124
extinguished,1.3308347246540763e-09,1.3308347246540762,1.1470753596369305,3.841458820694124
extinguished,1.3650078065460139e-09,1.3650078065460138,1.1501481439099872,3.841458820694124
extinguished,1.4000583824680963e-09,1.400058382468096,1.1528849313360499,3.841458820694124
extinguished,1.4360089846512609e-09,1.4360089846512607,1.1553132368479195,3.841458820694124
extinguished,1.4728827239075019e-09,1.4728827239075017,1.1574595002618315,3.841458820694124
extinguished,1.5107033044866557e-09,1.5107033044866556,1.1593489835588733,3.841458820694124
extinguished,1.5494950393146318e-09,1.5494950393146316,1.1610056879596524,3.841458820694124
extinguished,1.5892828656229764e-09,1.5892828656229763,1.1624522903807502,3.841458820694124
extinguished,1.6300923609797411e-09,1.630092360979741,1.1637100986092466,3.841458820694124
extinguished,1.6719497597319885e-09,1.6719497597319883,1.1647990243040824,3.841458820694124
extinguished,1.714881969870541e-09,1.7148819698705409,1.165737572732645,3.841458820694124
extinguished,1.7589165903277328e-09,1.7589165903277326,1.1665428479808777,3.841458820694124
extinguished,1.804081928719381e-09,1.804081928719381,1.1672305722366028,3.841458820694124
extinguished,1.8504070195423023e-09,1.8504070195423021,1.1678151176403115,3.841458820694124
extinguished,1.8979216428390996e-09,1.8979216428390995,1.1683095491251196,3.841458820694124
extinguished,1.946656343342263e-09,1.9466563433422632,1.1687256766278489,3.841458820694124
extinguished,1.9966424501097935e-09,1.9966424501097935,1.1690741150451132,3.841458820694124
extinguished,2.0479120966650833e-09,2.0479120966650832,1.169364350329851,3.841458820694124
extinguished,2.1004982416539157e-09,2.1004982416539155,1.1696048101732768,3.841458820694124
extinguished,2.154434690031882e-09,2.154434690031882,1.169802937791178,3.841458820694124
extinguished,2.2097561147959033e-09,2.209756114795903,1.1699652674291867,3.841458820694124
extinguished,2.266498079273693e-09,2.266498079273693,1.1700975003155893,3.841458820694124
extinguished,2.3246970599856453e-09,2.3246970599856454,1.1702045799181267,3.841458820694124
extinguished,2.384390470093721e-09,2.3843904700937206,1.1702907654997279,3.841458820694124
extinguished,2.4456166834524444e-09,2.445616683452444,1.1703597031133446,3.841458820694124
extinguished,2.5084150592775415e-09,2.5084150592775414,1.1704144933233653,3.841458820694124
extinguished,2.5728259674479325e-09,2.5728259674479323,1.1704577550880308,3.841458820694124
extinguished,2.638890814457508e-09,2.6388908144575076,1.1704916853793983,3.841458820694124
extinguished,2.7066520700332418e-09,2.7066520700332415,1.1705181142524248,3.841458820694124
extinguished,2.776153294436798e-09,2.776153294436798,1.170538555199758,3.841458820694124
extinguished,2.8474391664672477e-09,2.8474391664672476,1.1705542507416469,3.841458820694124
extinguished,2.920555512182745e-09,2.920555512182745,1.1705662132999173,3.841458820694124
extinguished,2.9955493343598165e-09,2.9955493343598163,1.1705752614897882,3.841458820694124
extinguished,3.0724688427090037e-09,3.0724688427090037,1.1705820520328205,3.841458820694124
extinguished,3.1513634848664764e-09,3.151363484866476,1.1705871075494205,3.841458820694124
extinguished,3.232283978181381e-09,3.2322839781813806,1.1705908405291359,3.841458820694124
extinguished,3.3152823423194234e-09,3.3152823423194233,1.1705935738038709,3.841458820694124
extinguished,3.4004119327037097e-09,3.4004119327037095,1.1705955578632459,3.841458820694124
extinguished,3.487727474814178e-09,3.4877274748141778,1.1705969853546478,3.841458820694124
extinguished,3.57728509936787e-09,3.5772850993678698,1.1705980031045125,3.841458820694124
extinguished,3.6691423784024945e-09,3.669142378402494,1.1705987219839344,3.841458820694124
extinguished,3.763358362286533e-09,3.7633583622865325,1.170599224922116,3.841458820694124
extinguished,3.859993617679771e-09,3.859993617679771,1.1705995733478314,3.841458820694124
extinguished,3.959110266468459e-09,3.9591102664684588,1.1705998123124086,3.841458820694124
extinguished,4.060772025700361e-09,4.060772025700361,1.1705999745205202,3.841458820694124
extinguished,4.165044248545186e-09,4.165044248545185,1.1706000834667751,3.841458820694124
extinguished,4.271993966306777e-09,4.271993966306777,1.1706001558495043,3.841458820694124
extinguished,4.3816899315141945e-09,4.381689931514194,1.1706002034070566,3.841458820694124
extinguished,4.494202662119143e-09,4.494202662119142,1.1706002342987738,3.841458820694124
extinguished,4.609604486828429e-09,4.609604486828429,1.1706002541311777,3.841458820694124
extinguished,4.727969591600391e-09,4.727969591600391,1.1706002667114228,3.841458820694124
extinguished,4.8493740673352334e-09,4.8493740673352335,1.1706002745936592,3.841458820694124
extinguished,4.973895958790068e-09,4.9738959587900675,1.1706002794702792,3.841458820694124
extinguished,5.1016153147498344e-09,5.101615314749834,1.1706002824485047,3.841458820694124
extinguished,5.232614239486657e-09,5.232614239486656,1.1706002842433232,3.841458820694124
extinguished,5.366976945540477e-09,5.366976945540476,1.1706002853103126,3.841458820694124
extinguished,5.504789807854968e-09,5.5047898078549675,1.1706002859358104,3.841458820694124
extinguished,5.646141419303673e-09,5.646141419303673,1.1706002862972662,3.841458820694124
extinguished,5.791122647641759e-09,5.7911226476417585,1.1706002865030911,3.841458820694124
extinguished,5.939826693920351e-09,5.939826693920351,1.1706002866185412,3.841458820694124
extinguished,6.092349152400712e-09,6.092349152400711,1.170600286682301,3.841458820694124
extinguished,6.248788072006888e-09,6.248788072006888,1.170600286716961,3.841458820694124
extinguished,6.409244019356458e-09,6.409244019356457,1.1706002867354963,3.841458820694124
extinguished,6.573820143409585e-09,6.573820143409585,1.1706002867452454,3.841458820694124
extinguished,6.742622241778336e-09,6.742622241778335,1.1706002867502892,3.841458820694124
extinguished,6.915758828738526e-09,6.915758828738525,1.170600286752848,3.841458820694124
extinguished,7.09334120498799e-09,7.09334120498799,1.1706002867541272,3.841458820694124
extinguished,7.275483529196233e-09,7.275483529196233,1.1706002867547518,3.841458820694124
extinguished,7.462302891391108e-09,7.462302891391108,1.170600286755051,3.841458820694124
extinguished,7.65391938823014e-09,7.65391938823014,1.1706002867551941,3.841458820694124
extinguished,7.85045620020451e-09,7.850456200204509,1.1706002867552592,3.841458820694124
extinguished,8.052039670825471e-09,8.05203967082547,1.1706002867552896,3.841458820694124
extinguished,8.258799387844272e-09,8.258799387844272,1.1706002867553025,3.841458820694124
extinguished,8.470868266557403e-09,8.470868266557403,1.170600286755307,3.841458820694124
extinguished,8.688382635251176e-09,8.688382635251175,1.1706002867553111,3.841458820694124
extinguished,8.911482322840203e-09,8.911482322840202,1.1706002867553111,3.841458820694124
extinguished,9.140310748756223e-09,9.140310748756223,1.1706002867553111,3.841458820694124
extinguished,9.37501501514529e-09,9.375015015145289,1.1706002867553111,3.841458820694124
extinguished,9.615746001432096e-09,9.615746001432095,1.1706002867553111,3.841458820694124
extinguished,9.862658461312831e-09,9.862658461312831,1.1706002867553111,3.841458820694124
extinguished,1.0115911122238298e-08,10.115911122238298,1.1706002867553111,3.841458820694124
extinguished,1.037566678745185e-08,10.375666787451848,1.1706002867553111,3.841458820694124
extinguished,1.0642092440647225e-08,10.642092440647225,1.1706002867553111,3.841458820694124
extinguished,1.0915359353313934e-08,10.915359353313933,1.1706002867553111,3.841458820694124
extinguished,1.1195643194838795e-08,11.195643194838794,1.1706002867553111,3.841458820694124
extinguished,1.1483124145435111e-08,11.483124145435111,1.1706002867553111,3.841458820694124
extinguished,1.1777987011971182e-08,11.777987011971181,1.1706002867553111,3.841458820694124
extinguished,1.2080421346773265e-08,12.080421346773264,1.1706002867553111,3.841458820694124
extinguished,1.2390621569479183e-08,12.390621569479181,1.1706002867553111,3.841458820694124
extinguished,1.2708787092020595e-08,12.708787092020595,1.1706002867553111,3.841458820694124
extinguished,1.303512244681509e-08,13.03512244681509,1.1706002867553111,3.841458820694124
extinguished,1.3369837418249452e-08,13.369837418249451,1.1706002867553111,3.841458820694124
extinguished,1.3713147177539428e-08,13.713147177539428,1.1706002867553111,3.841458820694124
extinguished,1.4065272421052395e-08,14.065272421052393,1.1706002867553111,3.841458820694124
extinguished,1.4426439512181589e-08,14.426439512181588,1.1706002867553111,3.841458820694124
extinguished,1.4796880626863964e-08,14.796880626863963,1.1706002867553111,3.841458820694124
extinguished,1.517683390283404e-08,15.176833902834039,1.1706002867553111,3.841458820694124
extinguished,1.556654359271059e-08,15.56654359271059,1.1706002867553111,3.841458820694124
extinguished,1.5966260221014284e-08,15.966260221014284,1.1706002867553111,3.841458820694124
extinguished,1.637624074521689e-08,16.37624074521689,1.1706002867553111,3.841458820694124
extinguished,1.679674872092653e-08,16.79674872092653,1.1706002867553111,3.841458820694124
extinguished,1.7228054471313922e-08,17.22805447131392,1.1706002867553111,3.841458820694124
extinguished,1.7670435260889432e-08,17.67043526088943,1.1706002867553111,3.841458820694124
extinguished,1.8124175473742394e-08,18.124175473742394,1.1706002867553111,3.841458820694124
extinguished,1.8589566796356885e-08,18.589566796356884,1.1706002867553111,3.841458820694124
extinguished,1.906690840512252e-08,19.06690840512252,1.1706002867553111,3.841458820694124
extinguished,1.955650715865947e-08,19.55650715865947,1.1706002867553111,3.841458820694124
extinguished,2.00586777950823e-08,20.0586777950823,1.1706002867553111,3.841458820694124
extinguished,2.0573743134329162e-08,20.57374313432916,1.1706002867553111,3.841458820694124
extinguished,2.110203428568597e-08,21.102034285685967,1.1706002867553111,3.841458820694124
extinguished,2.1643890860640207e-08,21.643890860640205,1.1706002867553111,3.841458820694124
extinguished,2.2199661191199524e-08,22.199661191199525,1.1706002867553111,3.841458820694124
extinguished,2.2769702553816755e-08,22.769702553816753,1.1706002867553111,3.841458820694124
extinguished,2.3354381399064817e-08,23.354381399064817,1.1706002867553111,3.841458820694124
extinguished,2.3954073587208794e-08,23.954073587208793,1.1706002867553111,3.841458820694124
extinguished,2.4569164629827904e-08,24.569164629827903,1.1706002867553111,3.841458820694124
extinguished,2.5200049937640895e-08,25.200049937640895,1.1706002867553111,3.841458820694124
extinguished,2.5847135074695587e-08,25.847135074695586,1.1706002867553111,3.841458820694124
extinguished,2.6510836019085418e-08,26.510836019085417,1.1706002867553111,3.841458820694124
extinguished,2.719157943036019e-08,27.19157943036019,1.1706002867553111,3.841458820694124
extinguished,2.7889802923804397e-08,27.889802923804396,1.1706002867553111,3.841458820694124
extinguished,2.860595535175739e-08,28.60595535175739,1.1706002867553111,3.841458820694124
extinguished,2.9340497092157813e-08,29.34049709215781,1.1706002867553111,3.841458820694124
extinguished,3.0093900344497246e-08,30.093900344497243,1.1706002867553111,3.841458820694124
extinguished,3.0866649433372746e-08,30.866649433372746,1.1706002867553111,3.841458820694124
extinguished,3.1659241119835204e-08,31.659241119835205,1.1706002867553111,3.841458820694124
extinguished,3.247218492073125e-08,32.47218492073125,1.1706002867553111,3.841458820694124
extinguished,3.330600343624582e-08,33.30600343624582,1.1706002867553111,3.841458820694124
extinguished,3.416123268585532e-08,34.16123268585532,1.1706002867553111,3.841458820694124
extinguished,3.503842245290676e-08,35.03842245290676,1.1706002867553111,3.841458820694124
extinguished,3.593813663804626e-08,35.93813663804626,1.1706002867553111,3.841458820694124
extinguished,3.6860953621721545e-08,36.86095362172154,1.1706002867553111,3.841458820694124
extinguished,3.7807466635993417e-08,37.807466635993414,1.1706002867553111,3.841458820694124
extinguished,3.877828414589461e-08,38.77828414589461,1.1706002867553111,3.841458820694124
extinguished,3.977403024058037e-08,39.774030240580366,1.1706002867553111,3.841458820694124
extinguished,4.079534503452449e-08,40.79534503452449,1.1706002867553111,3.841458820694124
extinguished,4.184288507901576e-08,41.84288507901576,1.1706002867553111,3.841458820694124
extinguished,4.291732378422149e-08,42.91732378422149,1.1706002867553111,3.841458820694124
extinguished,4.401935185208879e-08,44.01935185208879,1.1706002867553111,3.841458820694124
extinguished,4.514967772036102e-08,45.14967772036102,1.1706002867553111,3.841458820694124
extinguished,4.6309028017997376e-08,46.30902801799737,1.1706002867553111,3.841458820694124
extinguished,4.749814803228495e-08,47.49814803228495,1.1706002867553111,3.841458820694124
extinguished,4.871780218794622e-08,48.71780218794621,1.1706002867553111,3.841458820694124
extinguished,4.99687745385489e-08,49.96877453854889,1.1706002867553111,3.841458820694124
extinguished,5.125186927053333e-08,51.25186927053333,1.1706002867553111,3.841458820694124
extinguished,5.2567911220184196e-08,52.56791122018419,1.1706002867553111,3.841458820694124
extinguished,5.391774640387495e-08,53.91774640387494,1.1706002867553111,3.841458820694124
extinguished,5.5302242561929114e-08,55.30224256192911,1.1706002867553111,3.841458820694124
extinguished,5.67222897164455e-08,56.722289716445495,1.1706002867553111,3.841458820694124
extinguished,5.817880074344935e-08,58.17880074344935,1.1706002867553111,3.841458820694124
extinguished,5.967271195973311e-08,59.67271195973311,1.1706002867553111,3.841458820694124
extinguished,6.120498372476691e-08,61.204983724766905,1.1706002867553111,3.841458820694124
extinguished,6.277660105806513e-08,62.776601058065125,1.1706002867553111,3.841458820694124
extinguished,6.438857427240426e-08,64.38857427240426,1.1706002867553111,3.841458820694124
extinguished,6.604193962330306e-08,66.04193962330305,1.1706002867553111,3.841458820694124
extinguished,6.773775997517746e-08,67.73775997517745,1.1706002867553111,3.841458820694124
extinguished,6.947712548460226e-08,69.47712548460225,1.1706002867553111,3.841458820694124
extinguished,7.12611543011176e-08,71.2611543011176,1.1706002867553111,3.841458820694124
extinguished,7.30909932860292e-08,73.09099328602919,1.1706002867553111,3.841458820694124
extinguished,7.496781874966877e-08,74.96781874966877,1.1706002867553111,3.841458820694124
extinguished,7.689283720758306e-08,76.89283720758306,1.1706002867553111,3.841458820694124
extinguished,7.886728615614141e-08,78.8672861561414,1.1706002867553111,3.841458820694124
extinguished,8.089243486805955e-08,80.89243486805955,1.1706002867553111,3.841458820694124
extinguished,8.296958520834915e-08,82.96958520834914,1.1706002867553111,3.841458820694124
extinguished,8.510007247122247e-08,85.10007247122246,1.1706002867553111,3.841458820694124
extinguished,8.72852662384837e-08,87.2852662384837,1.1706002867553111,3.841458820694124
extinguished,8.952657125996383e-08,89.52657125996383,1.1706002867553111,3.841458820694124
extinguished,9.182542835656301e-08,91.82542835656301,1.1706002867553111,3.841458820694124
extinguished,9.41833153464796e-08,94.1833153464796,1.1706002867553111,3.841458820694124
extinguished,9.660174799522647e-08,96.60174799522646,1.1706002867553111,3.841458820694124
extinguished,9.908228099003787e-08,99.08228099003787,1.1706002867553111,3.841458820694124
extinguished,1.0162650893929932e-07,101.62650893929931,1.1706002867553111,3.841458820694124
extinguished,1.0423606739764033e-07,104.23606739764033,1.1706002867553111,3.841458820694124
extinguished,1.0691263391734772e-07,106.91263391734772,1.1706002867553111,3.841458820694124
extinguished,1.0965792912678099e-07,109.65792912678099,1.1706002867553111,3.841458820694124
extinguished,1.1247371783647508e-07,112.47371783647507,1.1706002867553111,3.841458820694124
extinguished,1.1536181017364761e-07,115.36181017364761,1.1706002867553111,3.841458820694124
extinguished,1.1832406274583806e-07,118.32406274583805,1.1706002867553111,3.841458820694124
extinguished,1.2136237983442417e-07,121.36237983442417,1.1706002867553111,3.841458820694124
extinguished,1.2447871461879064e-07,124.47871461879062,1.1706002867553111,3.841458820694124
extinguished,1.2767507043192645e-07,127.67507043192644,1.1706002867553111,3.841458820694124
extinguished,1.3095350204826652e-07,130.9535020482665,1.1706002867553111,3.841458820694124
extinguished,1.3431611700460182e-07,134.3161170046018,1.1706002867553111,3.841458820694124
extinguished,1.377650769549055e-07,137.7650769549055,1.1706002867553111,3.841458820694124
extinguished,1.4130259905995337e-07,141.30259905995337,1.1706002867553111,3.841458820694124
extinguished,1.4493095741262153e-07,144.93095741262152,1.1706002867553111,3.841458820694124
extinguished,1.4865248449978542e-07,148.6524844997854,1.1706002867553111,3.841458820694124
extinguished,1.5246957270175764e-07,152.4695727017576,1.1706002867553111,3.841458820694124
extinguished,1.563846758302248e-07,156.38467583022478,1.1706002867553111,3.841458820694124
extinguished,1.60400310705682e-07,160.400310705682,1.1706002867553111,3.841458820694124
extinguished,1.645190587753661e-07,164.5190587753661,1.1706002867553111,3.841458820694124
extinguished,1.6874356777273724e-07,168.74356777273724,1.1706002867553111,3.841458820694124
extinguished,1.730765534195728e-07,173.07655341957278,1.1706002867553111,3.841458820694124
extinguished,1.775208011717636e-07,177.5208011717636,1.1706002867553111,3.841458820694124
extinguished,1.8207916800994626e-07,182.07916800994624,1.1706002867553111,3.841458820694124
extinguished,1.8675458427610742e-07,186.7545842761074,1.1706002867553111,3.841458820694124
extinguished,1.9155005555735242e-07,191.5500555573524,1.1706002867553111,3.841458820694124
extinguished,1.9646866461804488e-07,196.46866461804487,1.1706002867553111,3.841458820694124
extinguished,2.0151357338155586e-07,201.51357338155586,1.1706002867553111,3.841458820694124
extinguished,2.066880249629082e-07,206.6880249629082,1.1706002867553111,3.841458820694124
extinguished,2.119953457536069e-07,211.9953457536069,1.1706002867553111,3.841458820694124
extinguished,2.1743894756000759e-07,217.43894756000756,1.1706002867553111,3.841458820694124
extinguished,2.230223297965941e-07,223.02232979659408,1.1706002867553111,3.841458820694124
extinguished,2.287490817355704e-07,228.7490817355704,1.1706002867553111,3.841458820694124
extinguished,2.3462288481422625e-07,234.62288481422624,1.1706002867553111,3.841458820694124
extinguished,2.406475150015422e-07,240.64751500154216,1.1706002867553111,3.841458820694124
extinguished,2.468268452255688e-07,246.82684522556875,1.1706002867553111,3.841458820694124
extinguished,2.531648478631358e-07,253.1648478631358,1.1706002867553111,3.841458820694124
extinguished,2.5966559729348724e-07,259.6655972934872,1.1706002867553111,3.841458820694124
extinguished,2.663332725174981e-07,266.3332725174981,1.1706002867553111,3.841458820694124
extinguished,2.7317215984413737e-07,273.17215984413735,1.1706002867553111,3.841458820694124
extinguished,2.8018665564591896e-07,280.18665564591896,1.1706002867553111,3.841458820694124
extinguished,2.8738126918510695e-07,287.38126918510693,1.1706002867553111,3.841458820694124
extinguished,2.947606255124859e-07,294.7606255124859,1.1706002867553111,3.841458820694124
extinguished,3.0232946844057763e-07,302.3294684405776,1.1706002867553111,3.841458820694124
extinguished,3.100926635931924e-07,310.09266359319236,1.1706002867553111,3.841458820694124
extinguished,3.1805520153329135e-07,318.0552015332913,1.1706002867553111,3.841458820694124
extinguished,3.262222009711673e-07,326.2222009711673,1.1706002867553111,3.841458820694124
extinguished,3.345989120549975e-07,334.59891205499747,1.1706002867553111,3.841458820694124
extinguished,3.431907197459043e-07,343.1907197459043,1.1706002867553111,3.841458820694124
extinguished,3.520031472796676e-07,352.00314727966753,1.1706002867553111,3.841458820694124
extinguished,3.61041859717333e-07,361.041859717333,1.1706002867553111,3.841458820694124
extinguished,3.703126675869931e-07,370.3126675869931,1.1706002867553111,3.841458820694124
extinguished,3.7982153061907363e-07,379.8215306190736,1.1706002867553111,3.841458820694124
extinguished,3.8957456157755014e-07,389.5745615775501,1.1706002867553111,3.841458820694124
extinguished,3.9957803018952657e-07,399.57803018952654,1.1706002867553111,3.841458820694124
extinguished,4.098383671757253e-07,409.8383671757253,1.1706002867553111,3.841458820694124
extinguished,4.2036216838447187e-07,420.36216838447183,1.1706002867553111,3.841458820694124
extinguished,4.3115619903182285e-07,431.15619903182284,1.1706002867553111,3.841458820694124
extinguished,4.422273980505898e-07,442.2273980505897,1.1706002867553111,3.841458820694124
extinguished,4.5358288255101816e-07,453.58288255101814,1.1706002867553111,3.841458820694124
extinguished,4.65229952396018e-07,465.22995239601795,1.1706002867553111,3.841458820694124
extinguished,4.771760948938751e-07,477.1760948938751,1.1706002867553111,3.841458820694124
extinguished,4.894289896114532e-07,489.4289896114532,1.1706002867553111,3.841458820694124
extinguished,5.019965133110079e-07,501.9965133110079,1.1706002867553111,3.841458820694124
extinguished,5.148867450137487e-07,514.8867450137487,1.1706002867553111,3.841458820694124
extinguished,5.28107971193432e-07,528.107971193432,1.1706002867553111,3.841458820694124
extinguished,5.416686911033158e-07,541.6686911033157,1.1706002867553111,3.841458820694124
extinguished,5.555776222398878e-07,555.5776222398878,1.1706002867553111,3.841458820694124
extinguished,5.698437059469137e-07,569.8437059469136,1.1706002867553111,3.841458820694124
extinguished,5.844761131633626e-07,584.4761131633626,1.1706002867553111,3.841458820694124
extinguished,5.994842503189422e-07,599.4842503189421,1.1706002867553111,3.841458820694124
extinguished,6.14877765381003e-07,614.877765381003,1.1706002867553111,3.841458820694124
extinguished,6.306665540567406e-07,630.6665540567406,1.1706002867553111,3.841458820694124
extinguished,6.468607661546321e-07,646.8607661546321,1.1706002867553111,3.841458820694124
extinguished,6.634708121092338e-07,663.4708121092337,1.1706002867553111,3.841458820694124
extinguished,6.805073696735221e-07,680.507369673522,1.1706002867553111,3.841458820694124
extinguished,6.979813907830667e-07,697.9813907830667,1.1706002867553111,3.841458820694124
extinguished,7.159041085964889e-07,715.9041085964889,1.1706002867553111,3.841458820694124
extinguished,7.342870447166759e-07,734.2870447166758,1.1706002867553111,3.841458820694124
extinguished,7.531420165974361e-07,753.142016597436,1.1706002867553111,3.841458820694124
extinguished,7.724811451403416e-07,772.4811451403416,1.1706002867553111,3.841458820694124
extinguished,7.923168624866262e-07,792.3168624866262,1.1706002867553111,3.841458820694124
extinguished,8.126619200091945e-07,812.6619200091945,1.1706002867553111,3.841458820694124
extinguished,8.335293965098188e-07,833.5293965098188,1.1706002867553111,3.841458820694124
extinguished,8.549327066268368e-07,854.9327066268368,1.1706002867553111,3.841458820694124
extinguished,8.768856094587445e-07,876.8856094587444,1.1706002867553111,3.841458820694124
extinguished,8.994022174092054e-07,899.4022174092054,1.1706002867553111,3.841458820694124
extinguished,9.224970052592175e-07,922.4970052592174,1.1706002867553111,3.841458820694124
extinguished,9.461848194721993e-07,946.1848194721993,1.1706002867553111,3.841458820694124
extinguished,9.704808877380288e-07,970.4808877380286,1.1706002867553111,3.841458820694124
extinguished,9.95400828762154e-07,995.4008287621539,1.1706002867553111,3.841458820694124
extinguished,1.0209606623060477e-06,1020.9606623060475,1.1706002867553111,3.841458820694124
extinguished,1.0471768194855203e-06,1047.1768194855204,1.1706002867553111,3.841458820694124
extinguished,1.0740661533334324e-06,1074.0661533334323,1.1706002867553111,3.841458820694124
extinguished,1.1016459496336549e-06,1101.6459496336547,1.1706002867553111,3.841458820694124
extinguished,1.129933938033224e-06,1129.933938033224,1.1706002867553111,3.841458820694124
extinguished,1.158948303439812e-06,1158.9483034398118,1.1706002867553111,3.841458820694124
extinguished,1.1887076977119035e-06,1188.7076977119034,1.1706002867553111,3.841458820694124
extinguished,1.2192312516491096e-06,1219.2312516491095,1.1706002867553111,3.841458820694124
extinguished,1.2505385872903888e-06,1250.5385872903887,1.1706002867553111,3.841458820694124
extinguished,1.2826498305280625e-06,1282.6498305280625,1.1706002867553111,3.841458820694124
extinguished,1.3155856240457052e-06,1315.5856240457051,1.1706002867553111,3.841458820694124
extinguished,1.3493671405883065e-06,1349.3671405883065,1.1706002867553111,3.841458820694124
extinguished,1.3840160965731302e-06,1384.0160965731302,1.1706002867553111,3.841458820694124
extinguished,1.4195547660500986e-06,1419.5547660500986,1.1706002867553111,3.841458820694124
extinguished,1.4560059950206515e-06,1456.0059950206514,1.1706002867553111,3.841458820694124
extinguished,1.4933932161242533e-06,1493.3932161242533,1.1706002867553111,3.841458820694124
extinguished,1.5317404637020798e-06,1531.7404637020798,1.1706002867553111,3.841458820694124
extinguished,1.571072389247449e-06,1571.0723892474489,1.1706002867553111,3.841458820694124
extinguished,1.6114142772530165e-06,1611.4142772530165,1.1706002867553111,3.841458820694124
extinguished,1.6527920614648972e-06,1652.7920614648972,1.1706002867553111,3.841458820694124
extinguished,1.6952323415541215e-06,1695.2323415541214,1.1706002867553111,3.841458820694124
extinguished,1.7387624002162504e-06,1738.7624002162504,1.1706002867553111,3.841458820694124
extinguished,1.7834102207100065e-06,1783.4102207100063,1.1706002867553111,3.841458820694124
extinguished,1.8292045048462901e-06,1829.20450484629,1.1706002867553111,3.841458820694124
extinguished,1.8761746914391234e-06,1876.1746914391233,1.1706002867553111,3.841458820694124
extinguished,1.9243509752303323e-06,1924.3509752303323,1.1706002867553111,3.841458820694124
extinguished,1.9737643263002554e-06,1973.7643263002553,1.1706002867553111,3.841458820694124
extinguished,2.024446509976802e-06,2024.4465099768017,1.1706002867553111,3.841458820694124
extinguished,2.0764301072557707e-06,2076.4301072557705,1.1706002867553111,3.841458820694124
extinguished,2.1297485357455238e-06,2129.7485357455234,1.1706002867553111,3.841458820694124
extinguished,2.1844360711494283e-06,2184.4360711494282,1.1706002867553111,3.841458820694124
extinguished,2.2405278693000184e-06,2240.527869300018,1.1706002867553111,3.841458820694124
extinguished,2.298059988758849e-06,2298.0599887588487,1.1706002867553111,3.841458820694124
extinguished,2.3570694139967233e-06,2357.069413996723,1.1706002867553111,3.841458820694124
extinguished,2.4175940791691336e-06,2417.5940791691332,1.1706002867553111,3.841458820694124
extinguished,2.4796728925021606e-06,2479.6728925021603,1.1706002867553111,3.841458820694124
extinguished,2.5433457613046483e-06,2543.345761304648,1.1706002867553111,3.841458820694124
extinguished,2.6086536176225454e-06,2608.6536176225454,1.1706002867553111,3.841458820694124
extinguished,2.67563844455204e-06,2675.63844455204,1.1706002867553111,3.841458820694124
extinguished,2.7443433032283683e-06,2744.3433032283683,1.1706002867553111,3.841458820694124
extinguished,2.814812360507581e-06,2814.812360507581,1.1706002867553111,3.841458820694124
extinguished,2.8870909173592346e-06,2887.0909173592345,1.1706002867553111,3.841458820694124
extinguished,2.9612254379880317e-06,2961.2254379880314,1.1706002867553111,3.841458820694124
extinguished,3.0372635797033057e-06,3037.2635797033054,1.1706002867553111,3.841458820694124
extinguished,3.115254223555491e-06,3115.254223555491,1.1706002867553111,3.841458820694124
extinguished,3.195247505759214e-06,3195.2475057592137,1.1706002867553111,3.841458820694124
extinguished,3.277294849923382e-06,3277.294849923382,1.1706002867553111,3.841458820694124
extinguished,3.3614490001087616e-06,3361.4490001087615,1.1706002867553111,3.841458820694124
extinguished,3.4477640547344573e-06,3447.764054734457,1.1706002867553111,3.841458820694124
extinguished,3.5362955013550466e-06,3536.2955013550463,1.1706002867553111,3.841458820694124
extinguished,3.6271002523306487e-06,3627.1002523306483,1.1706002867553111,3.841458820694124
extinguished,3.720236681413066e-06,3720.236681413066,1.1706002867553111,3.841458820694124
extinguished,3.815764661271245e-06,3815.7646612712447,1.1706002867553111,3.841458820694124
extinguished,3.913745601980376e-06,3913.745601980376,1.1706002867553111,3.841458820694124
extinguished,4.014242490499326e-06,4014.242490499326,1.1706002867553111,3.841458820694124
extinguished,4.117319931161679e-06,4117.319931161679,1.1706002867553111,3.841458820694124
extinguished,4.223044187206672e-06,4223.044187206672,1.1706002867553111,3.841458820694124
extinguished,4.331483223376394e-06,4331.483223376394,1.1706002867553111,3.841458820694124
extinguished,4.442706749606874e-06,4442.706749606874,1.1706002867553111,3.841458820694124
extinguished,4.556786265841069e-06,4556.786265841069,1.1706002867553111,3.841458820694124
extinguished,4.673795107992464e-06,4673.795107992463,1.1706002867553111,3.841458820694124
extinguished,4.793808495089108e-06,4793.808495089107,1.1706002867553111,3.841458820694124
extinguished,4.916903577628022e-06,4916.903577628022,1.1706002867553111,3.841458820694124
extinguished,5.043159487171349e-06,5043.159487171349,1.1706002867553111,3.841458820694124
extinguished,5.172657387216025e-06,5172.657387216024,1.1706002867553111,3.841458820694124
extinguished,5.305480525369575e-06,5305.480525369574,1.1706002867553111,3.841458820694124
extinguished,5.441714286865888e-06,5441.7142868658875,1.1706002867553111,3.841458820694124
extinguished,5.581446249454956e-06,5581.446249454955,1.1706002867553111,3.841458820694124
extinguished,5.724766239702167e-06,5724.766239702167,1.1706002867553111,3.841458820694124
extinguished,5.871766390733262e-06,5871.766390733262,1.1706002867553111,3.841458820694124
extinguished,6.022541201461928e-06,6022.541201461928,1.1706002867553111,3.841458820694124
extinguished,6.177187597338489e-06,6177.187597338489,1.1706002867553111,3.841458820694124
extinguished,6.335804992658242e-06,6335.804992658242,1.1706002867553111,3.841458820694124
extinguished,6.498495354469902e-06,6498.495354469902,1.1706002867553111,3.841458820694124
extinguished,6.66536326812492e-06,6665.36326812492,1.1706002867553111,3.841458820694124
extinguished,6.836516004510239e-06,6836.516004510238,1.1706002867553111,3.841458820694124
extinguished,7.012063589007178e-06,7012.063589007177,1.1706002867553111,3.841458820694124
extinguished,7.192118872221179e-06,7192.118872221178,1.1706002867553111,3.841458820694124
extinguished,7.376797602527746e-06,7376.797602527746,1.1706002867553111,3.841458820694124
extinguished,7.566218500481063e-06,7566.218500481063,1.1706002867553111,3.841458820694124
extinguished,7.760503335133572e-06,7760.503335133571,1.1706002867553111,3.841458820694124
extinguished,7.959777002314978e-06,7959.777002314978,1.1706002867553111,3.841458820694124
extinguished,8.164167604921456e-06,8164.167604921456,1.1706002867553111,3.841458820694124
extinguished,8.373806535266507e-06,8373.806535266507,1.1706002867553111,3.841458820694124
extinguished,8.58882855954626e-06,8588.828559546258,1.1706002867553111,3.841458820694124
extinguished,8.80937190447399e-06,8809.37190447399,1.1706002867553111,3.841458820694124
extinguished,9.035578346138921e-06,9035.57834613892,1.1706002867553111,3.841458820694124
extinguished,9.267593301146866e-06,9267.593301146864,1.1706002867553111,3.841458820694124
extinguished,9.505565920101211e-06,9505.565920101211,1.1706002867553111,3.841458820694124
extinguished,9.749649183484097e-06,9749.649183484096,1.1706002867553111,3.841458820694124
extinguished,1e-05,10000.0,1.1706002867553111,3.841458820694124
useful,1e-16,1e-07,25190.528915946787,3.841458820694124
useful,1.0256779307444209e-16,1.0256779307444209e-07,25190.528740496477,3.841458820694124
useful,1.0520152176161591e-16,1.0520152176161591e-07,25190.528560540966,3.841458820694124
useful,1.0790287915161837e-16,1.0790287915161836e-07,25190.528375964575,3.841458820694124
useful,1.1067360180959745e-16,1.1067360180959745e-07,25190.528186648644,3.841458820694124
useful,1.135154708920999e-16,1.135154708920999e-07,25190.527992471474,3.841458820694124
useful,1.1643031329208756e-16,1.1643031329208756e-07,25190.527793308236,3.841458820694124
useful,1.1942000281335325e-16,1.1942000281335325e-07,25190.527589030895,3.841458820694124
useful,1.2248646137509307e-16,1.2248646137509306e-07,25190.52737950814,3.841458820694124
useful,1.2563166024741215e-16,1.2563166024741214e-07,25190.527164605275,3.841458820694124
useful,1.288576213185518e-16,1.288576213185518e-07,25190.52694418414,3.841458820694124
useful,1.321664183946604e-16,1.321664183946604e-07,25190.526718103058,3.841458820694124
useful,1.355601785329369e-16,1.355601785329369e-07,25190.52648621668,3.841458820694124
useful,1.3904108340900697e-16,1.3904108340900698e-07,25190.52624837594,3.841458820694124
useful,1.4261137071941298e-16,1.4261137071941298e-07,25190.52600442794,3.841458820694124
useful,1.4627333562011298e-16,1.4627333562011298e-07,25190.525754215865,3.841458820694124
useful,1.500293322019217e-16,1.5002933220192168e-07,25190.52549757886,3.841458820694124
useful,1.5388177500383463e-16,1.5388177500383463e-07,25190.52523435195,3.841458820694124
useful,1.5783314056521166e-16,1.5783314056521165e-07,25190.52496436592,3.841458820694124
useful,1.6188596901781994e-16,1.6188596901781992e-07,25190.524687447207,3.841458820694124
useful,1.6604286571875297e-16,1.6604286571875297e-07,25190.524403417792,3.841458820694124
useful,1.7030650292528427e-16,1.7030650292528427e-07,25190.52411209509,3.841458820694124
useful,1.7467962151272458e-16,1.7467962151272458e-07,25190.52381329183,3.841458820694124
useful,1.7916503273638995e-16,1.7916503273638994e-07,25190.52350681592,3.841458820694124
useful,1.8376562003881726e-16,1.8376562003881725e-07,25190.523192470344,3.841458820694124
useful,1.8848434090337954e-16,1.8848434090337954e-07,25190.522870053028,3.841458820694124
useful,1.9332422875550433e-16,1.933242287555043e-07,25190.522539356705,3.841458820694124
useful,1.9828839491270715e-16,1.9828839491270713e-07,25190.522200168783,3.841458820694124
useful,2.03380030584698e-16,2.03380030584698e-07,25190.521852271217,3.841458820694124
useful,2.0860240892485051e-16,2.086024089248505e-07,25190.521495440364,3.841458820694124
useful,2.1395888713434217e-16,2.1395888713434216e-07,25190.521129446835,3.841458820694124
useful,2.194529086203316e-16,2.1945290862033158e-07,25190.520754055357,3.841458820694124
useful,2.250880052095462e-16,2.2508800520954619e-07,25190.520369024598,3.841458820694124
useful,2.3086779941871674e-16,2.3086779941871675e-07,25190.519974107057,3.841458820694124
useful,2.367960067833079e-16,2.3679600678330787e-07,25190.519569048836,3.841458820694124
useful,2.4287643824604505e-16,2.4287643824604503e-07,25190.51915358958,3.841458820694124
useful,2.4911300260677915e-16,2.491130026067791e-07,25190.51872746218,3.841458820694124
useful,2.555097090352507e-16,2.555097090352507e-07,25190.51829039272,3.841458820694124
useful,2.62070669648385e-16,2.62070669648385e-07,25190.51784210022,3.841458820694124
useful,2.6880010215376075e-16,2.6880010215376075e-07,25190.517382296493,3.841458820694124
useful,2.757023325609583e-16,2.7570233256095827e-07,25190.516910685972,3.841458820694124
useful,2.8278179796253445e-16,2.827817979625344e-07,25190.516426965467,3.841458820694124
useful,2.9004304938639916e-16,2.9004304938639914e-07,25190.51593082402,3.841458820694124
useful,2.9749075472144374e-16,2.974907547214437e-07,25190.515421942695,3.841458820694124
useful,3.051297017182871e-16,3.0512970171828707e-07,25190.514899994352,3.841458820694124
useful,3.12964801067075e-16,3.12964801067075e-07,25190.514364643466,3.841458820694124
useful,3.210010895543175e-16,3.210010895543175e-07,25190.513815545874,3.841458820694124
useful,3.292437333007769e-16,3.292437333007769e-07,25190.5132523486,3.841458820694124
useful,3.376980310825088e-16,3.376980310825088e-07,25190.51267468959,3.841458820694124
useful,3.4636941773717345e-16,3.463694177371734e-07,25190.5120821975,3.841458820694124
useful,3.5526346765781394e-16,3.5526346765781394e-07,25190.511474491435,3.841458820694124
useful,3.6438589837635484e-16,3.6438589837635484e-07,25190.51085118075,3.841458820694124
useful,3.7374257423910645e-16,3.737425742391064e-07,25190.51021186474,3.841458820694124
useful,3.8333951017665975e-16,3.8333951017665975e-07,25190.509556132423,3.841458820694124
useful,3.9318287557057706e-16,3.9318287557057704e-07,25190.508883562263,3.841458820694124
useful,4.0327899821937054e-16,4.0327899821937054e-07,25190.5081937219,3.841458820694124
useful,4.136343684063278e-16,4.136343684063278e-07,25190.507486167866,3.841458820694124
useful,4.2425564307177773e-16,4.242556430717777e-07,25190.506760445325,3.841458820694124
useful,4.3514965009250547e-16,4.3514965009250545e-07,25190.506016087733,3.841458820694124
useful,4.463233926710397e-16,4.4632339267103974e-07,25190.505252616585,3.841458820694124
useful,4.577840538376617e-16,4.5778405383766164e-07,25190.504469541087,3.841458820694124
useful,4.695390010680064e-16,4.695390010680063e-07,25190.503666357843,3.841458820694124
useful,4.815957910192352e-16,4.815957910192351e-07,25190.502842550526,3.841458820694124
useful,4.939621743878326e-16,4.939621743878326e-07,25190.501997589545,3.841458820694124
useful,5.066461008921269e-16,5.066461008921269e-07,25190.501130931734,3.841458820694124
useful,5.196557243827658e-16,5.196557243827657e-07,25190.500242019945,3.841458820694124
useful,5.329994080844094e-16,5.329994080844094e-07,25190.49933028276,3.841458820694124
useful,5.466857299720181e-16,5.466857299720181e-07,25190.49839513406,3.841458820694124
useful,5.607234882852039e-16,5.607234882852039e-07,25190.49743597269,3.841458820694124
useful,5.751217071841613e-16,5.751217071841613e-07,25190.49645218205,3.841458820694124
useful,5.898896425508494e-16,5.898896425508493e-07,25190.495443129726,3.841458820694124
useful,6.050367879391224e-16,6.050367879391224e-07,25190.494408167033,3.841458820694124
useful,6.205728806776502e-16,6.205728806776501e-07,25190.49334662866,3.841458820694124
useful,6.365079081295578e-16,6.365079081295578e-07,25190.49225783219,3.841458820694124
useful,6.528521141127848e-16,6.528521141127847e-07,25190.491141077695,3.841458820694124
useful,6.696160054853216e-16,6.696160054853216e-07,25190.48999564728,3.841458820694124
useful,6.868103588995307e-16,6.868103588995307e-07,25190.488820804603,3.841458820694124
useful,7.044462277299038e-16,7.044462277299037e-07,25190.487615794413,3.841458820694124
useful,7.225349491787222e-16,7.225349491787222e-07,25190.486379842077,3.841458820694124
useful,7.41088151564157e-16,7.41088151564157e-07,25190.485112153066,3.841458820694124
useful,7.601177617955323e-16,7.601177617955323e-07,25190.483811912443,3.841458820694124
useful,7.796360130405237e-16,7.796360130405236e-07,25190.48247828436,3.841458820694124
useful,7.996554525892347e-16,7.996554525892346e-07,25190.481110411496,3.841458820694124
useful,8.201889499202212e-16,8.201889499202212e-07,25190.479707414517,3.841458820694124
useful,8.412497049736119e-16,8.412497049736118e-07,25190.4782683915,3.841458820694124
useful,8.628512566366887e-16,8.628512566366887e-07,25190.476792417383,3.841458820694124
useful,8.850074914473439e-16,8.850074914473439e-07,25190.47527854334,3.841458820694124
useful,9.077326525210223e-16,9.077326525210223e-07,25190.473725796168,3.841458820694124
useful,9.310413487069087e-16,9.310413487069085e-07,25190.47213317771,3.841458820694124
useful,9.549485639791966e-16,9.549485639791966e-07,25190.47049966414,3.841458820694124
useful,9.794696670695385e-16,9.794696670695385e-07,25190.468824205356,3.841458820694124
useful,1.0046204213468132e-15,1.0046204213468131e-06,25190.4671057243,3.841458820694124
useful,1.0304169949505876e-15,1.0304169949505875e-06,25190.465343116248,3.841458820694124
useful,1.056875971184805e-15,1.056875971184805e-06,25190.46353524812,3.841458820694124
useful,1.084014359178331e-15,1.084014359178331e-06,25190.461680957727,3.841458820694124
useful,1.1118496048192698e-15,1.1118496048192698e-06,25190.459779053042,3.841458820694124
useful,1.140399601970033e-15,1.140399601970033e-06,25190.457828311435,3.841458820694124
useful,1.1696827039703847e-15,1.1696827039703847e-06,25190.45582747887,3.841458820694124
useful,1.1997177354358856e-15,1.1997177354358855e-06,25190.45377526913,3.841458820694124
useful,1.2305240043592617e-15,1.2305240043592616e-06,25190.451670362945,3.841458820694124
useful,1.2621213145225461e-15,1.262121314522546e-06,25190.449511407198,3.841458820694124
useful,1.294529978227916e-15,1.294529978227916e-06,25190.447297014,3.841458820694124
useful,1.327770829355429e-15,1.327770829355429e-06,25190.44502575984,3.841458820694124
useful,1.3618652367560827e-15,1.3618652367560827e-06,25190.442696184648,3.841458820694124
useful,1.3968351179887399e-15,1.3968351179887398e-06,25190.440306790868,3.841458820694124
useful,1.4327029534098294e-15,1.4327029534098294e-06,25190.43785604248,3.841458820694124
useful,1.4694918006248173e-15,1.4694918006248172e-06,25190.43534236404,3.841458820694124
useful,1.5072253093107558e-15,1.5072253093107556e-06,25190.432764139623,3.841458820694124
useful,1.5459277364194787e-15,1.5459277364194786e-06,25190.43011971184,3.841458820694124
useful,1.5856239617711373e-15,1.5856239617711372e-06,25190.42740738073,3.841458820694124
useful,1.6263395040481906e-15,1.6263395040481906e-06,25190.42462540267,3.841458820694124
useful,1.6681005372000592e-15,1.6681005372000591e-06,25190.421771989284,3.841458820694124
useful,1.7109339072690137e-15,1.7109339072690135e-06,25190.418845306274,3.841458820694124
useful,1.754867149648152e-15,1.754867149648152e-06,25190.415843472223,3.841458820694124
useful,1.7999285067824765e-15,1.7999285067824765e-06,25190.41276455742,3.841458820694124
useful,1.8461469463245456e-15,1.8461469463245456e-06,25190.409606582587,3.841458820694124
useful,1.8935521797562954e-15,1.8935521797562952e-06,25190.406367517655,3.841458820694124
useful,1.9421746814890248e-15,1.9421746814890245e-06,25190.40304528038,3.841458820694124
useful,1.9920457084538714e-15,1.992045708453871e-06,25190.399637735092,3.841458820694124
useful,2.0431973201952705e-15,2.0431973201952705e-06,25190.39614269127,3.841458820694124
useful,2.095662399480431e-15,2.095662399480431e-06,25190.39255790212,3.841458820694124
useful,2.149474673437981e-15,2.1494746734379807e-06,25190.388881063205,3.841458820694124
useful,2.2046687352394077e-15,2.2046687352394075e-06,25190.385109810864,3.841458820694124
useful,2.2612800663372797e-15,2.2612800663372794e-06,25190.381241720785,3.841458820694124
useful,2.319345059274428e-15,2.3193450592744277e-06,25190.377274306367,3.841458820694124
useful,2.378901041078891e-15,2.378901041078891e-06,25190.373205017197,3.841458820694124
useful,2.4399862972595504e-15,2.43998629725955e-06,25190.36903123734,3.841458820694124
useful,2.502640096417917e-15,2.502640096417917e-06,25190.36475028371,3.841458820694124
useful,2.566902715491952e-15,2.566902715491952e-06,25190.36035940432,3.841458820694124
useful,2.63281546564802e-15,2.63281546564802e-06,25190.355855776514,3.841458820694124
useful,2.70042071883777e-15,2.70042071883777e-06,25190.351236505165,3.841458820694124
useful,2.7697619350368914e-15,2.769761935036891e-06,25190.346498620806,3.841458820694124
useful,2.840883690183301e-15,2.840883690183301e-06,25190.341639077702,3.841458820694124
useful,2.9138317048327887e-15,2.9138317048327886e-06,25190.336654751936,3.841458820694124
useful,2.9886528735503825e-15,2.9886528735503824e-06,25190.331542439366,3.841458820694124
useful,3.065395295056524e-15,3.0653952950565237e-06,25190.32629885357,3.841458820694124
useful,3.144108303147265e-15,3.144108303147265e-06,25190.320920623748,3.841458820694124
useful,3.2248424984084456e-15,3.2248424984084455e-06,25190.315404292538,3.841458820694124
useful,3.307649780744243e-15,3.3076497807442426e-06,25190.309746313804,3.841458820694124
useful,3.392583382740992e-15,3.392583382740992e-06,25190.30394305036,3.841458820694124
useful,3.479697903887688e-15,3.479697903887688e-06,25190.297990771604,3.841458820694124
useful,3.5690493456752294e-15,3.5690493456752295e-06,25190.291885651175,3.841458820694124
useful,3.660695147596906e-15,3.660695147596906e-06,25190.28562376443,3.841458820694124
useful,3.754694224073337e-15,3.754694224073337e-06,25190.27920108597,3.841458820694124
useful,3.851107002325569e-15,3.851107002325569e-06,25190.27261348702,3.841458820694124
useful,3.949995461220639e-15,3.949995461220639e-06,25190.26585673281,3.841458820694124
useful,4.051423171114647e-15,4.051423171114647e-06,25190.258926479793,3.841458820694124
useful,4.15545533471888e-15,4.15545533471888e-06,25190.25181827293,3.841458820694124
useful,4.262158829015325e-15,4.262158829015325e-06,25190.244527542767,3.841458820694124
useful,4.371602248248502e-15,4.371602248248502e-06,25190.23704960252,3.841458820694124
useful,4.483855948021191e-15,4.4838559480211905e-06,25190.22937964507,3.841458820694124
useful,4.598992090522439e-15,4.598992090522438e-06,25190.22151273984,3.841458820694124
useful,4.717084690917022e-15,4.717084690917022e-06,25190.213443829674,3.841458820694124
useful,4.838209664925957e-15,4.838209664925957e-06,25190.205167727552,3.841458820694124
useful,4.962444877628914e-15,4.962444877628914e-06,25190.196679113258,3.841458820694124
useful,5.089870193519685e-15,5.089870193519685e-06,25190.187972529977,3.841458820694124
useful,5.220567527846976e-15,5.2205675278469754e-06,25190.17904238077,3.841458820694124
useful,5.354620899273613e-15,5.354620899273613e-06,25190.16988292498,3.841458820694124
useful,5.492116483887789e-15,5.492116483887789e-06,25190.16048827456,3.841458820694124
useful,5.633142670601353e-15,5.633142670601352e-06,25190.150852390245,3.841458820694124
useful,5.777790117970507e-15,5.777790117970507e-06,25190.140969077733,3.841458820694124
useful,5.926151812475553e-15,5.9261518124755525e-06,25190.130831983635,3.841458820694124
useful,6.0783231282972366e-15,6.0783231282972365e-06,25190.120434591452,3.841458820694124
useful,6.234401888627864e-15,6.234401888627864e-06,25190.109770217347,3.841458820694124
useful,6.3944884285569365e-15,6.394488428556936e-06,25190.098832005846,3.841458820694124
useful,6.5586856595714364e-15,6.558685659571436e-06,25190.08761292548,3.841458820694124
useful,6.727099135712337e-15,6.727099135712336e-06,25190.07610576419,3.841458820694124
useful,6.899837121430025e-15,6.899837121430025e-06,25190.064303124753,3.841458820694124
useful,7.07701066118189e-15,7.077010661181889e-06,25190.052197420013,3.841458820694124
useful,7.258733650817247e-15,7.258733650817246e-06,25190.039780867977,3.841458820694124
useful,7.445122910795143e-15,7.445122910795143e-06,25190.02704548685,3.841458820694124
useful,7.636298261282243e-15,7.636298261282242e-06,25190.013983089873,3.841458820694124
useful,7.832382599179206e-15,7.832382599179205e-06,25190.000585280075,3.841458820694124
useful,8.033501977124735e-15,8.033501977124734e-06,25189.986843444887,3.841458820694124
useful,8.239785684528512e-15,8.239785684528512e-06,25189.972748750588,3.841458820694124
useful,8.451366330684723e-15,8.451366330684723e-06,25189.958292136627,3.841458820694124
useful,8.668379930019776e-15,8.668379930019775e-06,25189.94346430981,3.841458820694124
useful,8.890965989529168e-15,8.890965989529167e-06,25189.928255738316,3.841458820694124
useful,9.119267598459299e-15,9.119267598459298e-06,25189.912656645574,3.841458820694124
useful,9.353431520292377e-15,9.353431520292377e-06,25189.896657003992,3.841458820694124
useful,9.593608287093147e-15,9.593608287093147e-06,25189.880246528486,3.841458820694124
useful,9.839952296278226e-15,9.839952296278226e-06,25189.863414669886,3.841458820694124
useful,1.0092621909870486e-14,1.0092621909870484e-05,25189.846150608155,3.841458820694124
useful,1.0351779556301763e-14,1.0351779556301762e-05,25189.828443245427,3.841458820694124
useful,1.0617591834829991e-14,1.0617591834829991e-05,25189.81028119888,3.841458820694124
useful,1.0890229622637305e-14,1.0890229622637305e-05,25189.791652793407,3.841458820694124
useful,1.1169868184678227e-14,1.1169868184678226e-05,25189.77254605414,3.841458820694124
useful,1.1456687286348727e-14,1.1456687286348727e-05,25189.752948698704,3.841458820694124
useful,1.1750871309048077e-14,1.1750871309048075e-05,25189.732848129388,3.841458820694124
useful,1.2052609368708416e-14,1.2052609368708414e-05,25189.712231424994,3.841458820694124
useful,1.2362095437367691e-14,1.2362095437367691e-05,25189.691085332535,3.841458820694124
useful,1.2679528467864341e-14,1.267952846786434e-05,25189.66939625876,3.841458820694124
useful,1.30051125217341e-14,1.3005112521734099e-05,25189.64715026137,3.841458820694124
useful,1.3339056900390588e-14,1.3339056900390587e-05,25189.62433304009,3.841458820694124
useful,1.3681576279674705e-14,1.3681576279674705e-05,25189.600929927426,3.841458820694124
useful,1.4032890847858733e-14,1.4032890847858732e-05,25189.576925879315,3.841458820694124
useful,1.4393226447194066e-14,1.4393226447194064e-05,25189.552305465404,3.841458820694124
useful,1.476281471909391e-14,1.476281471909391e-05,25189.527052859114,3.841458820694124
useful,1.514189325304352e-14,1.514189325304352e-05,25189.501151827535,3.841458820694124
useful,1.5530705739334587e-14,1.5530705739334586e-05,25189.474585720935,3.841458820694124
useful,1.5929502125721232e-14,1.592950212572123e-05,25189.44733746206,3.841458820694124
useful,1.6338538778098638e-14,1.6338538778098638e-05,25189.419389535215,3.841458820694124
useful,1.6758078645307688e-14,1.6758078645307688e-05,25189.390723974924,3.841458820694124
useful,1.7188391428171456e-14,1.7188391428171457e-05,25189.36132235445,3.841458820694124
useful,1.762975375287204e-14,1.762975375287204e-05,25189.331165773918,3.841458820694124
useful,1.8082449348779518e-14,1.8082449348779517e-05,25189.300234848182,3.841458820694124
useful,1.8546769230847016e-14,1.8546769230847014e-05,25189.268509694342,3.841458820694124
useful,1.902301188668946e-14,1.902301188668946e-05,25189.235969919006,3.841458820694124
useful,1.9511483468466167e-14,1.9511483468466165e-05,25189.20259460516,3.841458820694124
useful,2.0012497989690348e-14,2.001249798969035e-05,25189.168362298697,3.841458820694124
useful,2.0526377527092523e-14,2.052637752709252e-05,25189.133250994677,3.841458820694124
useful,2.1053452427667084e-14,2.1053452427667084e-05,25189.09723812316,3.841458820694124
useful,2.1594061521035677e-14,2.1594061521035675e-05,25189.0603005347,3.841458820694124
useful,2.2148552337263594e-14,2.2148552337263592e-05,25189.02241448548,3.841458820694124
useful,2.271728133026903e-14,2.2717281330269027e-05,25188.983555622024,3.841458820694124
useful,2.3300614106969248e-14,2.3300614106969247e-05,25188.943698965577,3.841458820694124
useful,2.3898925662310528e-14,2.3898925662310526e-05,25188.902818896033,3.841458820694124
useful,2.45126006203334e-14,2.4512600620333398e-05,25188.86088913549,3.841458820694124
useful,2.5142033481427965e-14,2.5142033481427965e-05,25188.817882731313,3.841458820694124
useful,2.5787628875937986e-14,2.5787628875937984e-05,25188.773772038887,3.841458820694124
useful,2.64498018242772e-14,2.64498018242772e-05,25188.728528703778,3.841458820694124
useful,2.71289780037247e-14,2.71289780037247e-05,25188.68212364356,3.841458820694124
useful,2.7825594022071263e-14,2.782559402207126e-05,25188.6345270291,3.841458820694124
useful,2.854009769829238e-14,2.8540097698292376e-05,25188.5857082654,3.841458820694124
useful,2.927294835042813e-14,2.927294835042813e-05,25188.535635971934,3.841458820694124
useful,3.002461709085549e-14,3.0024617090855492e-05,25188.48427796247,3.841458820694124
useful,3.0795587129142296e-14,3.0795587129142294e-05,25188.431601224394,3.841458820694124
useful,3.158635408267819e-14,3.158635408267819e-05,25188.37757189752,3.841458820694124
useful,3.2397426295281954e-14,3.2397426295281954e-05,25188.32215525228,3.841458820694124
useful,3.322932516398969e-14,3.3229325163989684e-05,25188.265315667446,3.841458820694124
useful,3.4082585474234525e-14,3.408258547423452e-05,25188.207016607223,3.841458820694124
useful,3.4957755743632787e-14,3.4957755743632785e-05,25188.147220597773,3.841458820694124
useful,3.5855398574598174e-14,3.585539857459817e-05,25188.085889203143,3.841458820694124
useful,3.677609101601031e-14,3.677609101601031e-05,25188.022983000556,3.841458820694124
useful,3.772042493416994e-14,3.7720424934169935e-05,25187.958461555078,3.841458820694124
useful,3.8689007393279756e-14,3.8689007393279756e-05,25187.892283393645,3.841458820694124
useful,3.968246104569486e-14,3.968246104569486e-05,25187.824405978412,3.841458820694124
useful,4.070142453219439e-14,4.070142453219439e-05,25187.7547856794,3.841458820694124
useful,4.174655289253135e-14,4.174655289253135e-05,25187.683377746493,3.841458820694124
useful,4.281851798652407e-14,4.2818517986524064e-05,25187.61013628066,3.841458820694124
useful,4.391800892596086e-14,4.391800892596086e-05,25187.53501420447,3.841458820694124
useful,4.504573251759463e-14,4.504573251759463e-05,25187.457963231845,3.841458820694124
useful,4.6202413717513134e-14,4.620241371751313e-05,25187.378933837048,3.841458820694124
useful,4.7388796097176515e-14,4.738879609717651e-05,25187.297875222834,3.841458820694124
useful,4.8605642321421296e-14,4.860564232142129e-05,25187.214735287816,3.841458820694124
useful,4.985373463873894e-14,4.985373463873894e-05,25187.129460593027,3.841458820694124
useful,5.113387538414332e-14,5.113387538414331e-05,25187.041996327534,3.841458820694124
useful,5.24468874949512e-14,5.244688749495119e-05,25186.95228627327,3.841458820694124
useful,5.3793615039806984e-14,5.379361503980698e-05,25186.860272768874,3.841458820694124
useful,5.517492376129117e-14,5.517492376129117e-05,25186.765896672685,3.841458820694124
useful,5.6591701632462426e-14,5.6591701632462424e-05,25186.669097324702,3.841458820694124
useful,5.804485942768984e-14,5.804485942768984e-05,25186.56981250767,3.841458820694124
useful,5.95353313081437e-14,5.95353313081437e-05,25186.467978407043,3.841458820694124
useful,6.106407542232037e-14,6.106407542232036e-05,25186.36352957006,3.841458820694124
useful,6.26320745219868e-14,6.26320745219868e-05,25186.256398863636,3.841458820694124
useful,6.424033659394191e-14,6.424033659394191e-05,25186.146517431258,3.841458820694124
useful,6.588989550799956e-14,6.588989550799956e-05,25186.03381464877,3.841458820694124
useful,6.758181168161111e-14,6.75818116816111e-05,25185.918218078987,3.841458820694124
useful,6.9317172761554e-14,6.9317172761554e-05,25185.799653425165,3.841458820694124
useful,7.109709432312424e-14,7.109709432312424e-05,25185.678044483284,3.841458820694124
useful,7.292272058728314e-14,7.292272058728313e-05,25185.553313093085,3.841458820694124
useful,7.479522515621829e-14,7.479522515621829e-05,25185.425379087887,3.841458820694124
useful,7.671581176779303e-14,7.671581176779303e-05,25185.294160243073,3.841458820694124
useful,7.868571506936844e-14,7.868571506936843e-05,25185.1595722233,3.841458820694124
useful,8.070620141149492e-14,8.070620141149491e-05,25185.021528528316,3.841458820694124
useful,8.277856966198473e-14,8.277856966198472e-05,25184.8799404374,3.841458820694124
useful,8.490415204088756e-14,8.490415204088756e-05,25184.734716952396,3.841458820694124
useful,8.708431497690724e-14,8.708431497690724e-05,25184.585764739262,3.841458820694124
useful,8.93204599858096e-14,8.932045998580959e-05,25184.43298806814,3.841458820694124
useful,9.161402457138523e-14,9.161402457138522e-05,25184.276288751837,3.841458820694124
useful,9.396648314954691e-14,9.39664831495469e-05,25184.115566082837,3.841458820694124
useful,9.637934799615796e-14,9.637934799615795e-05,25183.950716768584,3.841458820694124
useful,9.885417021919574e-14,9.885417021919574e-05,25183.781634865143,3.841458820694124
useful,1.0139254075588153e-13,0.00010139254075588153,25183.608211709205,3.841458820694124
useful,1.0399609139541204e-13,0.00010399609139541203,25183.430335848294,3.841458820694124
useful,1.0666649582795388e-13,0.00010666649582795387,25183.247892969204,3.841458820694124
useful,1.0940547072057425e-13,0.00010940547072057424,25183.060765824597,3.841458820694124
useful,1.1221477682079804e-13,0.00011221477682079803,25182.86883415774,3.841458820694124
useful,1.1509622008850323e-13,0.00011509622008850323,25182.671974625267,3.841458820694124
useful,1.1805165285688057e-13,0.00011805165285688056,25182.47006071802,3.841458820694124
useful,1.2108297502320395e-13,0.00012108297502320394,25182.26296267982,3.841458820694124
useful,1.2419213527017832e-13,0.00012419213527017832,25182.050547424133,3.841458820694124
useful,1.2738113231864786e-13,0.00012738113231864785,25181.832678448704,3.841458820694124
useful,1.3065201621247214e-13,0.00013065201621247213,25181.60921574787,3.841458820694124
useful,1.3400688963639507e-13,0.00013400688963639506,25181.380015722727,3.841458820694124
useful,1.3744790926775368e-13,0.00013744790926775366,25181.144931088926,3.841458820694124
useful,1.4097728716289663e-13,0.00014097728716289663,25180.903810782165,3.841458820694124
useful,1.4459729217920195e-13,0.00014459729217920195,25180.656499861223,3.841458820694124
useful,1.4831025143361045e-13,0.00014831025143361044,25180.402839408493,3.841458820694124
useful,1.521185517986105e-13,0.0001521185517986105,25180.14266642804,3.841458820694124
useful,1.560246414366368e-13,0.0001560246414366368,25179.875813740964,3.841458820694124
useful,1.6003103137387003e-13,0.00016003103137387001,25179.60210987811,3.841458820694124
useful,1.6414029711444664e-13,0.00016414029711444664,25179.32137897008,3.841458820694124
useful,1.6835508029612024e-13,0.00016835508029612023,25179.033440634317,3.841458820694124
useful,1.726780903884356e-13,0.0001726780903884356,25178.738109859456,3.841458820694124
useful,1.7711210643450888e-13,0.00017711210643450888,25178.435196886527,3.841458820694124
useful,1.8165997883753269e-13,0.00018165997883753268,25178.12450708727,3.841458820694124
useful,1.86324631193156e-13,0.00018632463119315598,25177.80584083926,3.841458820694124
useful,1.9110906216891379e-13,0.00019110906216891378,25177.47899339784,3.841458820694124
useful,1.960163474319186e-13,0.00019601634743191858,25177.143754764795,3.841458820694124
useful,2.0104964162604993e-13,0.00020104964162604992,25176.79990955364,3.841458820694124
useful,2.0621218039991426e-13,0.00020621218039991424,25176.447236851487,3.841458820694124
useful,2.115072824868795e-13,0.00021150728248687948,25176.085510077355,3.841458820694124
useful,2.1693835183851846e-13,0.00021693835183851843,25175.714496836845,3.841458820694124
useful,2.2250887981283693e-13,0.00022250887981283693,25175.333958773128,3.841458820694124
useful,2.2822244741868986e-13,0.00022822244741868986,25174.94365141411,3.841458820694124
useful,2.3408272761782924e-13,0.0002340827276178292,25174.543324015634,3.841458820694124
useful,2.400934876860652e-13,0.00024009348768606518,25174.132719400764,3.841458820694124
useful,2.4625859163505467e-13,0.00024625859163505465,25173.71157379487,3.841458820694124
useful,2.5258200269627847e-13,0.0002525820026962785,25173.27961665656,3.841458820694124
useful,2.590677858688009e-13,0.0002590677858688009,25172.836570504227,3.841458820694124
useful,2.657201105324504e-13,0.0002657201105324504,25172.382150738213,3.841458820694124
useful,2.7254325312810276e-13,0.00027254325312810277,25171.916065458387,3.841458820694124
useful,2.7954159990678567e-13,0.00027954159990678566,25171.438015277094,3.841458820694124
useful,2.86719649749377e-13,0.00028671964974937697,25170.947693127273,3.841458820694124
useful,2.940820170587064e-13,0.00029408201705870637,25170.444784065727,3.841458820694124
useful,3.0163343472591977e-13,0.00030163343472591975,25169.928965071304,3.841458820694124
useful,3.093787571730137e-13,0.00030937875717301365,25169.399904837963,3.841458820694124
useful,3.1732296347349767e-13,0.00031732296347349763,25168.857263562542,3.841458820694124
useful,3.2547116055318483e-13,0.0003254711605531848,25168.300692727094,3.841458820694124
useful,3.3382858647317613e-13,0.0003338285864731761,25167.72983487566,3.841458820694124
useful,3.4240061379714263e-13,0.0003424006137971426,25167.144323385353,3.841458820694124
useful,3.511927530450728e-13,0.00035119275304507276,25166.543782231565,3.841458820694124
useful,3.6021065623570706e-13,0.000360210656235707,25165.927825747247,3.841458820694124
useful,3.6946012051993027e-13,0.00036946012051993025,25165.296058375923,3.841458820694124
useful,3.7894709190746675e-13,0.00037894709190746675,25164.648074418514,3.841458820694124
useful,3.886776690892668e-13,0.00038867766908926677,25163.983457773673,3.841458820694124
useful,3.986581073580439e-13,0.00039865810735804387,25163.30178167139,3.841458820694124
useful,4.0889482262948605e-13,0.00040889482262948605,25162.60260839996,3.841458820694124
useful,4.1939439556671865e-13,0.0004193943955667186,25161.885489025855,3.841458820694124
useful,4.3016357581067956e-13,0.00043016357581067953,25161.14996310652,3.841458820694124
useful,4.4120928631911904e-13,0.000441209286319119,25160.395558395812,3.841458820694124
useful,4.525386278170167e-13,0.0004525386278170167,25159.621790541914,3.841458820694124
useful,4.641588833612777e-13,0.00046415888336127773,25158.828162777598,3.841458820694124
useful,4.760775230226369e-13,0.0004760775230226368,25158.014165602533,3.841458820694124
useful,4.88302208687788e-13,0.000488302208687788,25157.179276457533,3.841458820694124
useful,5.008407989848213e-13,0.0005008407989848212,25156.32295939048,3.841458820694124
useful,5.137013543351339e-13,0.0005137013543351339,25155.444664713745,3.841458820694124
useful,5.268921421350672e-13,0.0005268921421350671,25154.543828652902,3.841458820694124
useful,5.404216420705915e-13,0.0005404216420705915,25153.619872986423,3.841458820694124
useful,5.542985515684669e-13,0.0005542985515684668,25152.67220467631,3.841458820694124
useful,5.685317913873754e-13,0.0005685317913873754,25151.700215489207,3.841458820694124
useful,5.831305113526225e-13,0.0005831305113526224,25150.703281607963,3.841458820694124
useful,5.981040962380938e-13,0.0005981040962380938,25149.680763233246,3.841458820694124
useful,6.134621717992507e-13,0.0006134621717992507,25148.632004175033,3.841458820694124
useful,6.292146109610344e-13,0.0006292146109610344,25147.55633143377,3.841458820694124
useful,6.453715401646702e-13,0.0006453715401646702,25146.453054770776,3.841458820694124
useful,6.619433458774395e-13,0.0006619433458774394,25145.321466267822,3.841458820694124
useful,6.789406812696106e-13,0.0006789406812696106,25144.160839875454,3.841458820694124
useful,6.963744730628223e-13,0.0006963744730628222,25142.970430949874,3.841458820694124
useful,7.142559285543127e-13,0.0007142559285543127,25141.749475778037,3.841458820694124
useful,7.325965428215231e-13,0.000732596542821523,25140.49719109073,3.841458820694124
useful,7.51408106111697e-13,0.000751408106111697,25139.212773563184,3.841458820694124
useful,7.707027114212295e-13,0.0007707027114212295,25137.895399303186,3.841458820694124
useful,7.904927622696421e-13,0.000790492762269642,25136.544223326007,3.841458820694124
useful,8.107909806731687e-13,0.0008107909806731687,25135.15837901618,3.841458820694124
useful,8.316104153230962e-13,0.0008316104153230961,25133.73697757553,3.841458820694124
useful,8.529644499741026e-13,0.0008529644499741026,25132.27910745724,3.841458820694124
useful,8.748668120479906e-13,0.0008748668120479906,25130.783833785623,3.841458820694124
useful,8.973315814583521e-13,0.000897331581458352,25129.2501977611,3.841458820694124
useful,9.203731996618221e-13,0.0009203731996618221,25127.677216050255,3.841458820694124
useful,9.440064789417603e-13,0.0009440064789417603,25126.06388016028,3.841458820694124
useful,9.682466119303124e-13,0.0009682466119303124,25124.409155797774,3.841458820694124
useful,9.931091813749801e-13,0.00099310918137498,25122.71198221118,3.841458820694124
useful,1.0186101701559753e-12,0.0010186101701559753,25120.971271516697,3.841458820694124
useful,1.0447659715608055e-12,0.0010447659715608053,25119.18590800711,3.841458820694124
useful,1.0715933998226712e-12,0.001071593399822671,25117.354747443194,3.841458820694124
useful,1.0991097009294961e-12,0.0010991097009294961,25115.476616327207,3.841458820694124
useful,1.1273325637104872e-12,0.0011273325637104871,25113.550311158055,3.841458820694124
useful,1.1562801312073754e-12,0.0011562801312073755,25111.574597667706,3.841458820694124
useful,1.1859710123376707e-12,0.0011859710123376707,25109.548210038312,3.841458820694124
useful,1.216424293857368e-12,0.001216424293857368,25107.46985009963,3.841458820694124
useful,1.2476595526308686e-12,0.0012476595526308685,25105.338186506233,3.841458820694124
useful,1.2796968682159415e-12,0.0012796968682159415,25103.151853893996,3.841458820694124
useful,1.3125568357718428e-12,0.0013125568357718427,25100.909452015414,3.841458820694124
useful,1.3462605792989113e-12,0.001346260579298911,25098.60954485309,3.841458820694124
useful,1.3808297652180924e-12,0.0013808297652180923,25096.25065971109,3.841458820694124
useful,1.4162866162991974e-12,0.0014162866162991973,25093.83128628332,3.841458820694124
useful,1.4526539259467812e-12,0.0014526539259467812,25091.349875698674,3.841458820694124
useful,1.4899550728528536e-12,0.0014899550728528536,25088.80483954212,3.841458820694124
useful,1.528214036025871e-12,0.0015282140360258708,25086.19454885135,3.841458820694124
useful,1.567455410205595e-12,0.001567455410205595,25083.517333088213,3.841458820694124
useful,1.6077044216738222e-12,0.0016077044216738221,25080.771479084502,3.841458820694124
useful,1.648986944471065e-12,0.001648986944471065,25077.95522996131,3.841458820694124
useful,1.6913295170296472e-12,0.001691329517029647,25075.06678402139,3.841458820694124
useful,1.7347593592339327e-12,0.0017347593592339325,25072.10429361389,3.841458820694124
useful,1.7793043899185774e-12,0.0017793043899185772,25069.06586397075,3.841458820694124
useful,1.8249932448161505e-12,0.0018249932448161504,25065.949552014055,3.841458820694124
useful,1.8718552949655794e-12,0.0018718552949655793,25062.753365133758,3.841458820694124
useful,1.919920665593283e-12,0.0019199206655932828,25059.475259934912,3.841458820694124
useful,1.969220255479174e-12,0.0019692202554791737,25056.113140953796,3.841458820694124
useful,2.0197857568198786e-12,0.0020197857568198785,25052.66485934215,3.841458820694124
useful,2.071649675602067e-12,0.002071649675602067,25049.128211518695,3.841458820694124
useful,2.1248453524988827e-12,0.0021248453524988827,25045.500937787354,3.841458820694124
useful,2.179406984302954e-12,0.002179406984302954,25041.78072092109,3.841458820694124
useful,2.235369645909797e-12,0.0022353696459097966,25037.96518471083,3.841458820694124
useful,2.292769312865649e-12,0.002292769312865649,25034.05189247846,3.841458820694124
useful,2.3516428844943515e-12,0.002351642884494351,25030.038345553156,3.841458820694124
useful,2.412028207618007e-12,0.002412028207618007,25025.921981710097,3.841458820694124
useful,2.4739641008868116e-12,0.0024739641008868114,25021.700173570774,3.841458820694124
useful,2.537490379733572e-12,0.0025374903797335717,25017.37022696393,3.841458820694124
useful,2.6026478819690043e-12,0.0026026478819690044,25012.929379246212,3.841458820694124
useful,2.6694784940343237e-12,0.0026694784940343237,25008.37479758166,3.841458820694124
useful,2.7380251779278577e-12,0.0027380251779278576,25003.70357717903,3.841458820694124
useful,2.80833199882317e-12,0.00280833199882317,24998.91273948599,3.841458820694124
useful,2.8804441533962983e-12,0.002880444153396298,24993.99923033918,3.841458820694124
useful,2.95440799888038e-12,0.00295440799888038,24988.959918069184,3.841458820694124
useful,3.0302710828663996e-12,0.0030302710828663993,24983.791591559315,3.841458820694124
useful,3.1080821738690642e-12,0.003108082173869064,24978.490958257215,3.841458820694124
useful,3.1878912926776425e-12,0.0031878912926776425,24973.054642138188,3.841458820694124
useful,3.2697497445117682e-12,0.003269749744511768,24967.479181619157,3.841458820694124
useful,3.353710152002929e-12,0.0033537101520029287,24961.76102742218,3.841458820694124
useful,3.4398264890229283e-12,0.003439826489022928,24955.896540386366,3.841458820694124
useful,3.5281541153808835e-12,0.003528154115380883,24949.88198922707,3.841458820694124
useful,3.6187498124112772e-12,0.003618749812411277,24943.713548241187,3.841458820694124
useful,3.711671819475767e-12,0.003711671819475767,24937.38729495735,3.841458820694124
useful,3.8069798714022845e-12,0.003806979871402284,24930.899207729904,3.841458820694124
useful,3.904735236885564e-12,0.003904735236885564,24924.24516327533,3.841458820694124
useful,4.005000757873611e-12,0.004005000757873611,24917.420934149915,3.841458820694124
useful,4.1078408899656425e-12,0.004107840889965643,24910.42218616751,3.841458820694124
useful,4.213321743847289e-12,0.004213321743847289,24903.24447575591,3.841458820694124
useful,4.321511127789763e-12,0.004321511127789762,24895.883247250746,3.841458820694124
useful,4.432478591240401e-12,0.0044324785912404005,24888.333830125473,3.841458820694124
useful,4.5462954695323995e-12,0.0045462954695324,24880.591436156148,3.841458820694124
useful,4.663034929742726e-12,0.004663034929742726,24872.65115651968,3.841458820694124
useful,4.7827720177274856e-12,0.0047827720177274855,24864.50795882416,3.841458820694124
useful,4.905583706365046e-12,0.004905583706365045,24856.156684069905,3.841458820694124
useful,5.031548945038057e-12,0.005031548945038057,24847.592043539888,3.841458820694124
useful,5.160748710385908e-12,0.005160748710385908,24838.808615618,3.841458820694124
useful,5.293266058360556e-12,0.005293266058360556,24829.800842533954,3.841458820694124
useful,5.429186177618943e-12,0.005429186177618943,24820.563027033153,3.841458820694124
useful,5.56859644428641e-12,0.005568596444286409,24811.089328970353,3.841458820694124
useful,5.711586478126435e-12,0.0057115864781264345,24801.37376182543,3.841458820694124
useful,5.858248200152536e-12,0.005858248200152536,24791.410189140006,3.841458820694124
useful,6.008675891719681e-12,0.0060086758917196805,24781.192320873313,3.841458820694124
useful,6.162966255132943e-12,0.006162966255132942,24770.71370967598,3.841458820694124
useful,6.321218475812449e-12,0.0063212184758124484,24759.967747080176,3.841458820694124
useful,6.483534286054727e-12,0.006483534286054727,24748.947659604695,3.841458820694124
useful,6.6500180304311185e-12,0.006650018030431118,24737.646504773576,3.841458820694124
useful,6.820776732865679e-12,0.0068207767328656785,24726.057167046656,3.841458820694124
useful,6.995920165435375e-12,0.006995920165435375,24714.17235366078,3.841458820694124
useful,7.1755609189369215e-12,0.0071755609189369214,24701.984590380183,3.841458820694124
useful,7.359814475265772e-12,0.007359814475265771,24689.48621715453,3.841458820694124
useful,7.548799281653432e-12,0.007548799281653432,24676.669383683362,3.841458820694124
useful,7.742636826811278e-12,0.007742636826811277,24663.526044885464,3.841458820694124
useful,7.94145171902934e-12,0.00794145171902934,24650.047956271843,3.841458820694124
useful,8.145371766280738e-12,0.008145371766280737,24636.22666922102,3.841458820694124
useful,8.354528058382872e-12,0.008354528058382871,24622.05352615523,3.841458820694124
useful,8.569055051268349e-12,0.008569055051268348,24607.51965561642,3.841458820694124
useful,8.789090653419963e-12,0.008789090653419963,24592.615967240803,3.841458820694124
useful,9.014776314524918e-12,0.009014776314524917,24577.333146630714,3.841458820694124
useful,9.246257116405733e-12,0.009246257116405733,24561.661650122784,3.841458820694124
useful,9.483681866285928e-12,0.009483681866285927,24545.5916994514,3.841458820694124
useful,9.727203192450537e-12,0.009727203192450537,24529.1132763064,3.841458820694124
useful,9.976977642363211e-12,0.009976977642363211,24512.216116784144,3.841458820694124
useful,1.023316578330245e-11,0.01023316578330245,24494.889705731286,3.841458820694124
useful,1.0495932305582266e-11,0.010495932305582266,24477.123270980337,3.841458820694124
useful,1.076544612842316e-11,0.010765446128423159,24458.905777476637,3.841458820694124
useful,1.1041880508541602e-11,0.011041880508541602,24440.225921296118,3.841458820694124
useful,1.1325413151528127e-11,0.011325413151528126,24421.072123553542,3.841458820694124
useful,1.161622632608502e-11,0.011616226326085019,24401.432524201024,3.841458820694124
useful,1.1914506981197748e-11,0.011914506981197748,24381.294975716846,3.841458820694124
useful,1.2220446866314887e-11,0.012220446866314887,24360.647036684455,3.841458820694124
useful,1.2534242654613995e-11,0.012534242654613994,24339.47596526228,3.841458820694124
useful,1.2856096069432967e-11,0.012856096069432965,24317.768712544446,3.841458820694124
useful,1.3186214013947487e-11,0.013186214013947485,24295.511915813477,3.841458820694124
useful,1.3524808704178741e-11,0.01352480870417874,24272.691891685638,3.841458820694124
useful,1.387209780541621e-11,0.01387209780541621,24249.29462915022,3.841458820694124
useful,1.422830457214352e-11,0.014228304572143519,24225.305782504263,3.841458820694124
useful,1.4593657991557578e-11,0.014593657991557577,24200.710664184277,3.841458820694124
useful,1.4968392930772557e-11,0.014968392930772555,24175.494237497292,3.841458820694124
useful,1.5352750287804212e-11,0.015352750287804211,24149.641109253385,3.841458820694124
useful,1.5746977146430866e-11,0.015746977146430866,24123.135522302593,3.841458820694124
useful,1.61513269350309e-11,0.016151326935030897,24095.961347979417,3.841458820694124
useful,1.6566059589499153e-11,0.016566059589499152,24068.10207845831,3.841458820694124
useful,1.699144172034626e-11,0.01699144172034626,24039.54081902445,3.841458820694124
useful,1.7427746784089174e-11,0.017427746784089173,24010.26028026416,3.841458820694124
useful,1.7875255259042354e-11,0.017875255259042353,23980.242770180113,3.841458820694124
useful,1.833425482562289e-11,0.018334254825622887,23949.470186236973,3.841458820694124
useful,1.8805040551285835e-11,0.018805040551285835,23917.924007343674,3.841458820694124
useful,1.928791508020778e-11,0.019287915080207777,23885.585285779296,3.841458820694124
useful,1.9783188827841624e-11,0.019783188827841622,23852.434639070096,3.841458820694124
useful,2.029118018046678e-11,0.02029118018046678,23818.452241826053,3.841458820694124
useful,2.0812215699863373e-11,0.02081221569986337,23783.617817546132,3.841458820694124
useful,2.1346630333242453e-11,0.021346630333242453,23747.910630402162,3.841458820694124
useful,2.189476762856621e-11,0.02189476762856621,23711.309477012423,3.841458820694124
useful,2.2456979955397718e-11,0.022456979955397718,23673.792678216698,3.841458820694124
useful,2.3033628731421313e-11,0.023033628731421313,23635.338070865866,3.841458820694124
useful,2.362508465477945e-11,0.02362508465477945,23595.922999640068,3.841458820694124
useful,2.4231727942376006e-11,0.024231727942376005,23555.524308910735,3.841458820694124
useful,2.4853948574297988e-11,0.024853948574297985,23514.118334663006,3.841458820694124
useful,2.5492146544514258e-11,0.025492146544514257,23471.680896496484,3.841458820694124
useful,2.614673211801092e-11,0.02614673211801092,23428.187289723737,3.841458820694124
useful,2.681812609453013e-11,0.026818126094530128,23383.612277587294,3.841458820694124
useful,2.7506760079080674e-11,0.027506760079080674,23337.930083617823,3.841458820694124
useful,2.821307675939471e-11,0.028213076759394707,23291.11438415784,3.841458820694124
useful,2.8937530190509532e-11,0.02893753019050953,23243.13830107684,3.841458820694124
useful,2.9680586086656026e-11,0.029680586086656024,23193.974394706303,3.841458820694124
useful,3.0442722120643e-11,0.030442722120642998,23143.594657024605,3.841458820694124
useful,3.122442823092858e-11,0.03122442823092858,23091.970505124325,3.841458820694124
useful,3.20262069365765e-11,0.0320262069365765,23039.07277499687,3.841458820694124
useful,3.284857366030048e-11,0.03284857366030047,22984.8717156716,3.841458820694124
useful,3.369205705980268e-11,0.033692057059802674,22929.336983749625,3.841458820694124
useful,3.4557199367621366e-11,0.03455719936762136,22872.437638374828,3.841458820694124
useful,3.544455673970436e-11,0.035444556739704355,22814.14213668823,3.841458820694124
useful,3.6354699612933183e-11,0.03635469961293318,22754.41832981437,3.841458820694124
useful,3.728821307182838e-11,0.03728821307182838,22693.233459431962,3.841458820694124
useful,3.824569722467e-11,0.03824569722466999,22630.554154984886,3.841458820694124
useful,3.922776758927716e-11,0.03922776758927716,22566.346431592596,3.841458820694124
useful,4.023505548869293e-11,0.04023505548869293,22500.575688723704,3.841458820694124
useful,4.1268208457029524e-11,0.04126820845702952,22433.20670970002,3.841458820694124
useful,4.232789065573553e-11,0.04232789065573553,22364.203662102977,3.841458820694124
useful,4.341478330055093e-11,0.04341478330055092,22293.530099158823,3.841458820694124
useful,4.452958509942651e-11,0.044529585099426505,22221.14896218372,3.841458820694124
useful,4.5673012701687474e-11,0.04567301270168747,22147.022584175036,3.841458820694124
useful,4.684580115873045e-11,0.04684580115873045,22071.11269464011,3.841458820694124
useful,4.804870439655134e-11,0.04804870439655134,21993.380425759457,3.841458820694124
useful,4.928249570040514e-11,0.04928249570040513,21913.78631998724,3.841458820694124
useful,5.0547968211912357e-11,0.050547968211912354,21832.290339197305,3.841458820694124
useful,5.1845935438929136e-11,0.05184593543892913,21748.85187548988,3.841458820694124
useful,5.317723177850967e-11,0.053177231778509665,21663.429763780296,3.841458820694124
useful,5.454271305329837e-11,0.054542713053298365,21575.982296297505,3.841458820694124
useful,5.594325706169378e-11,0.05594325706169378,21486.467239127633,3.841458820694124
useful,5.737976414214128e-11,0.05737976414214128,21394.841850944616,3.841458820694124
useful,5.885315775191451e-11,0.058853157751914506,21301.062904077415,3.841458820694124
useful,6.036438506075864e-11,0.06036438506075864,21205.086708071103,3.841458820694124
useful,6.191441755977847e-11,0.06191441755977847,21106.869135906545,3.841458820694124
useful,6.350425168595963e-11,0.06350425168595962,21006.365653051726,3.841458820694124
useful,6.513490946272796e-11,0.06513490946272796,20903.53134952553,3.841458820694124
useful,6.680743915695615e-11,0.06680743915695615,20798.320975163202,3.841458820694124
useful,6.852291595284057e-11,0.06852291595284057,20690.688978280785,3.841458820694124
useful,7.028244264308353e-11,0.07028244264308353,20580.58954794426,3.841458820694124
useful,7.208715033782137e-11,0.07208715033782136,20467.976660057306,3.841458820694124
useful,7.393819919175858e-11,0.07393819919175858,20352.804127489697,3.841458820694124
useful,7.58367791499719e-11,0.0758367791499719,20235.02565447646,3.841458820694124
useful,7.778411071286483e-11,0.07778411071286483,20114.594895525777,3.841458820694124
useful,7.978144572076629e-11,0.07978144572076629,19991.46551908072,3.841458820694124
useful,8.18300681586739e-11,0.0818300681586739,19865.591276187562,3.841458820694124
useful,8.393129498166372e-11,0.08393129498166373,19736.926074429284,3.841458820694124
useful,8.608647696149245e-11,0.08608647696149245,19605.424057389428,3.841458820694124
useful,8.829699955494083e-11,0.08829699955494083,19471.03968991596,3.841458820694124
useful,9.056428379445295e-11,0.09056428379445294,19333.72784945953,3.841458820694124
useful,9.288978720164499e-11,0.09288978720164498,19193.443923763305,3.841458820694124
useful,9.5275004724273e-11,0.095275004724273,19050.14391518329,3.841458820694124
useful,9.772146969725725e-11,0.09772146969725724,18903.784551918903,3.841458820694124
useful,1.0023075482838644e-10,0.10023075482838643,18754.323406431537,3.841458820694124
useful,1.0280447320933098e-10,0.10280447320933098,18601.71902132623,3.841458820694124
useful,1.0544427935261684e-10,0.10544427935261684,18445.931042965778,3.841458820694124
useful,1.0815187025522892e-10,0.10815187025522892,18286.920363078774,3.841458820694124
useful,1.1092898648952229e-10,0.11092898648952228,18124.649268612804,3.841458820694124
useful,1.1377741332214904e-10,0.11377741332214902,17959.081600069836,3.841458820694124
useful,1.1669898186171475e-10,0.11669898186171475,17790.182918544553,3.841458820694124
useful,1.1969557023590428e-10,0.11969557023590428,17617.92068166517,3.841458820694124
useful,1.2276910479883606e-10,0.12276910479883604,17442.26442861167,3.841458820694124
useful,1.259215613694151e-10,0.1259215613694151,17263.18597435769,3.841458820694124
useful,1.2915496650148827e-10,0.12915496650148828,17080.659613247582,3.841458820694124
useful,1.3247139878661175e-10,0.13247139878661174,16894.66233198203,3.841458820694124
useful,1.3587299019027093e-10,0.1358729901902709,16705.17403204018,3.841458820694124
useful,1.3936192742241436e-10,0.13936192742241435,16512.17776151609,3.841458820694124
useful,1.4294045334317611e-10,0.1429404533431761,16315.65995629065,3.841458820694124
useful,1.4661086840469833e-10,0.1466108684046983,16115.610690395944,3.841458820694124
useful,1.5037553212997386e-10,0.15037553212997384,15912.023935359535,3.841458820694124
useful,1.5423686462966276e-10,0.15423686462966274,15704.897828237788,3.841458820694124
useful,1.5819734815786016e-10,0.15819734815786016,15494.234947962199,3.841458820694124
useful,1.6225952870780873e-10,0.16225952870780871,15280.042599530498,3.841458820694124
useful,1.664260176485902e-10,0.1664260176485902,15062.333105472677,3.841458820694124
useful,1.7069949340384082e-10,0.1706994934038408,14841.12410391465,3.841458820694124
useful,1.7508270317357234e-10,0.17508270317357233,14616.438852445424,3.841458820694124
useful,1.795784647002097e-10,0.1795784647002097,14388.306536870055,3.841458820694124
useful,1.841896680799711e-10,0.1841896680799711,14156.762583800275,3.841458820694124
useful,1.8891927762076645e-10,0.18891927762076643,13921.848975896175,3.841458820694124
useful,1.937703337477989e-10,0.1937703337477989,13683.61456842956,3.841458820694124
useful,1.987459549580982e-10,0.1987459549580982,13442.115405690127,3.841458820694124
useful,2.0384933982524642e-10,0.20384933982524642,13197.415035602548,3.841458820694124
useful,2.09083769055575e-10,0.209083769055575,12949.584820767272,3.841458820694124
useful,2.1445260759716653e-10,0.21445260759716653,12698.704243979546,3.841458820694124
useful,2.199593068030075e-10,0.2199593068030075,12444.861206125437,3.841458820694124
useful,2.2560740664968595e-10,0.22560740664968593,12188.152314198462,3.841458820694124
useful,2.314005380130654e-10,0.2314005380130654,11928.683157030884,3.841458820694124
useful,2.3734242500238665e-10,0.23734242500238661,11666.568566192138,3.841458820694124
useful,2.4343688735431083e-10,0.2434368873543108,11401.932859373534,3.841458820694124
useful,2.496878428884327e-10,0.24968784288843268,11134.91006346057,3.841458820694124
useful,2.5609931002584567e-10,0.2560993100258457,10865.644114391085,3.841458820694124
useful,2.626754103723839e-10,0.26267541037238384,10594.289030814945,3.841458820694124
useful,2.6942037136818825e-10,0.26942037136818825,10321.0090585128,3.841458820694124
useful,2.7633852900531724e-10,0.27633852900531725,10045.978782498783,3.841458820694124
useful,2.8343433061513093e-10,0.2834343306151309,9769.38320373269,3.841458820694124
useful,2.9071233772725753e-10,0.2907123377272575,9491.417777400202,3.841458820694124
useful,2.9817722900196737e-10,0.29817722900196736,9212.288409793236,3.841458820694124
useful,3.058338032378432e-10,0.30583380323784315,8932.211410935985,3.841458820694124
useful,3.13686982456688e-10,0.31368698245668797,8651.413400260795,3.841458820694124
useful,3.217418150676372e-10,0.32174181506763716,8370.131162844595,3.841458820694124
useful,3.300034791125282e-10,0.3300034791125282,8088.611453970122,3.841458820694124
useful,3.384772855945983e-10,0.3384772855945983,7807.110750082402,3.841458820694124
useful,3.4716868189265595e-10,0.34716868189265593,7525.894944565793,3.841458820694124
useful,3.560832552629282e-10,0.35608325526292817,7245.238987172522,3.841458820694124
useful,3.6522673643081755e-10,0.36522673643081754,6965.42646638851,3.841458820694124
useful,3.7460500327489895e-10,0.37460500327489893,6686.749134520657,3.841458820694124
useful,3.8422408460550613e-10,0.3842240846055061,6409.506375832337,3.841458820694124
useful,3.9409016404034475e-10,0.39409016404034475,6134.004618630502,3.841458820694124
useful,4.0420958397963105e-10,0.404209583979631,5860.556692815108,3.841458820694124
useful,4.1458884968329116e-10,0.4145888496832911,5589.481135031256,3.841458820694124
useful,4.252346334528678e-10,0.42523463345286777,5321.101444204925,3.841458820694124
useful,4.3615377892080064e-10,0.4361537789208006,5055.74529088857,3.841458820694124
useful,4.4735330544984636e-10,0.4473533054498463,4793.743684477341,3.841458820694124
useful,4.5884041264547617e-10,0.45884041264547615,4535.430102971476,3.841458820694124
useful,4.706224849841282e-10,0.4706224849841282,4281.139590542637,3.841458820694124
useful,4.827070965603178e-10,0.4827070965603178,4031.207828696332,3.841458820694124
useful,4.951020159556352e-10,0.49510201595563513,3785.9701873008526,3.841458820694124
useful,5.078152112327671e-10,0.5078152112327671,3545.760762158642,3.841458820694124
useful,5.208548550577665e-10,0.5208548550577665,3310.9114061202135,3.841458820694124
useful,5.342293299538352e-10,0.5342293299538352,3081.7507609731574,3.841458820694124
useful,5.479472336900282e-10,0.5479472336900282,2858.6032974685004,3.841458820694124
useful,5.620173848083188e-10,0.5620173848083188,2641.788370870615,3.841458820694124
useful,5.764488282925874e-10,0.5764488282925874,2431.6192993268533,3.841458820694124
useful,5.912508413831882e-10,0.5912508413831882,2228.4024721493433,3.841458820694124
useful,6.064329395408062e-10,0.6064329395408061,2032.4364947843733,3.841458820694124
useful,6.220048825634706e-10,0.6220048825634705,1844.0113768160456,3.841458820694124
useful,6.379766808606283e-10,0.6379766808606282,1663.4077688197897,3.841458820694124
useful,6.54358601888323e-10,0.654358601888323,1490.8962532537444,3.841458820694124
useful,6.711611767496288e-10,0.6711611767496287,1326.7366938657667,3.841458820694124
useful,6.883952069645497e-10,0.6883952069645496,1171.1776473145255,3.841458820694124
useful,7.060717714137766e-10,0.7060717714137765,1024.4558398694785,3.841458820694124
useful,7.242022334607316e-10,0.7242022334607315,886.7957111865876,3.841458820694124
useful,7.427982482564912e-10,0.7427982482564911,758.4090262705733,3.841458820694124
useful,7.618717702322999e-10,0.7618717702322999,639.4945558513132,3.841458820694124
useful,7.814350607844543e-10,0.7814350607844542,530.2378245406043,3.841458820694124
useful,8.015006961565398e-10,0.8015006961565397,430.81092531330745,3.841458820694124
useful,8.220815755240541e-10,0.822081575524054,341.37239809324615,3.841458820694124
useful,8.431909292866251e-10,0.8431909292866251,262.0671695327045,3.841458820694124
useful,8.570450814396843e-10,0.8570450814396843,216.50259021858116,3.841458820694124
useful,8.595660898430457e-10,0.8595660898430456,208.74416985426214,3.841458820694124
useful,8.62087098246407e-10,0.862087098246407,201.14685058711237,3.841458820694124
useful,8.646081066497683e-10,0.8646081066497683,193.7094621845799,3.841458820694124
useful,8.648423275731728e-10,0.8648423275731727,193.02655046959083,3.841458820694124
useful,8.671291150531297e-10,0.8671291150531296,186.43084309789984,3.841458820694124
useful,8.69650123456491e-10,0.869650123456491,179.30984040051308,3.841458820694124
useful,8.721711318598523e-10,0.8721711318598523,172.3453097267355,3.841458820694124
useful,8.746921402632138e-10,0.8746921402632137,165.5361152106874,3.841458820694124
useful,8.772131486665751e-10,0.8772131486665751,158.88112942548693,3.841458820694124
useful,8.797341570699365e-10,0.8797341570699364,152.37923332270634,3.841458820694124
useful,8.822551654732978e-10,0.8822551654732977,146.0293161721035,3.841458820694124
useful,8.847761738766591e-10,0.8847761738766591,139.83027550162447,3.841458820694124
useful,8.870496889654404e-10,0.8870496889654403,134.36828703874875,3.841458820694124
useful,8.872971822800205e-10,0.8872971822800204,133.78101703768775,3.841458820694124
useful,8.898181906833818e-10,0.8898181906833817,127.88045464574623,3.841458820694124
useful,8.923391990867432e-10,0.8923391990867431,122.12751027113607,3.841458820694124
useful,8.948602074901044e-10,0.8948602074901044,116.5211138802142,3.841458820694124
useful,8.973812158934658e-10,0.8973812158934658,111.06020340178515,3.841458820694124
useful,8.999022242968272e-10,0.8999022242968271,105.74372466882153,3.841458820694124
useful,9.024232327001885e-10,0.9024232327001884,100.57063136048264,3.841458820694124
useful,9.049442411035498e-10,0.9049442411035498,95.53988494442993,3.841458820694124
useful,9.074652495069111e-10,0.9074652495069111,90.6504546194457,3.841458820694124
useful,9.098272894455568e-10,0.9098272894455568,86.19666101046124,3.841458820694124
useful,9.099862579102726e-10,0.9099862579102725,85.90131725835244,3.841458820694124
useful,9.12507266313634e-10,0.9125072663136339,81.2914573512424,3.841458820694124
useful,9.150282747169953e-10,0.9150282747169952,76.81986694900927,3.841458820694124
useful,9.175492831203566e-10,0.9175492831203566,72.48554560719376,3.841458820694124
useful,9.200702915237179e-10,0.9200702915237179,68.28750033013864,3.841458820694124
useful,9.225912999270793e-10,0.9225912999270792,64.22474551545643,3.841458820694124
useful,9.251123083304406e-10,0.9251123083304406,60.2963028988123,3.841458820694124
useful,9.276333167338019e-10,0.9276333167338019,56.50120149902206,3.841458820694124
useful,9.301543251371633e-10,0.9301543251371632,52.838477563468516,3.841458820694124
useful,9.326753335405245e-10,0.9326753335405246,49.30717451383423,3.841458820694124
useful,9.33189771573324e-10,0.9331897715733238,48.6026346357894,3.841458820694124
useful,9.351963419438859e-10,0.9351963419438859,45.90634289215525,3.841458820694124
useful,9.377173503472472e-10,0.9377173503472472,42.63504030719486,3.841458820694124
useful,9.402383587506088e-10,0.9402383587506087,39.49233138113775,3.841458820694124
useful,9.427593671539702e-10,0.94275936715397,36.47728769660861,3.841458820694124
useful,9.452803755573313e-10,0.9452803755573314,33.58898774400976,3.841458820694124
useful,9.478013839606927e-10,0.9478013839606927,30.82651686918609,3.841458820694124
useful,9.50322392364054e-10,0.950322392364054,28.188967221411474,3.841458820694124
useful,9.528434007674154e-10,0.9528434007674154,25.67543770170052,3.841458820694124
useful,9.553644091707768e-10,0.9553644091707767,23.285033911445307,3.841458820694124
useful,9.571521538991857e-10,0.9571521538991856,21.664035094851144,3.841458820694124
useful,9.578854175741381e-10,0.957885417574138,21.016868101376204,3.841458820694124
useful,9.604064259774995e-10,0.9604064259774994,18.870059120849117,3.841458820694124
useful,9.629274343808608e-10,0.9629274343808607,16.843732367457118,3.841458820694124
useful,9.65448442784222e-10,0.965448442784222,14.937019736969356,3.841458820694124
useful,9.679694511875834e-10,0.9679694511875834,13.149059573592066,3.841458820694124
useful,9.704904595909447e-10,0.9704904595909447,11.47899662055943,3.841458820694124
useful,9.73011467994306e-10,0.973011467994306,9.925981971045696,3.841458820694124
useful,9.755324763976674e-10,0.9755324763976674,8.489173019405284,3.841458820694124
useful,9.780534848010288e-10,0.9780534848010287,7.16773341273535,3.841458820694124
useful,9.805744932043902e-10,0.9805744932043902,5.960833002765231,3.841458820694124
useful,9.817298406188841e-10,0.9817298406188841,5.445773569938425,3.841458820694124
useful,9.830955016077515e-10,0.9830955016077515,4.867647798067688,3.841458820694124
useful,9.856165100111129e-10,0.9856165100111128,3.887359916595742,3.841458820694124
useful,9.881375184144742e-10,0.9881375184144742,3.0191575385411955,3.841458820694124
useful,9.906585268178356e-10,0.9906585268178355,2.262234859516897,3.841458820694124
useful,9.93179535221197e-10,0.9931795352211968,1.6157920440601838,3.841458820694124
useful,9.957005436245583e-10,0.9957005436245582,1.0790351794586361,3.841458820694124
useful,9.982215520279195e-10,0.9982215520279195,0.6511762298953058,3.841458820694124
useful,1.000742560431281e-09,1.000742560431281,0.3314329909152565,3.841458820694124
useful,1.0032635688346424e-09,1.0032635688346423,0.11902904421027485,3.841458820694124
useful,1.0057845772380038e-09,1.0057845772380036,0.01319371272229166,3.841458820694124
useful,1.0069386314760272e-09,1.0069386314760271,9.399448532877719e-05,3.841458820694124
useful,1.0070450814396844e-09,1.0070450814396843,0.0,3.841458820694124
useful,1.0083055856413651e-09,1.008305585641365,0.013162016064410809,3.841458820694124
useful,1.0108265940447263e-09,1.0108265940447263,0.11817462625803021,3.841458820694124
useful,1.0133476024480876e-09,1.0133476024480876,0.32747782378641976,3.841458820694124
useful,1.015868610851449e-09,1.015868610851449,0.6403234539620979,3.841458820694124
useful,1.0183896192548104e-09,1.0183896192548103,1.0559688836080972,3.841458820694124
useful,1.0209106276581717e-09,1.0209106276581716,1.5736769580522012,3.841458820694124
useful,1.023431636061533e-09,1.023431636061533,2.192715958432047,3.841458820694124
useful,1.0259526444648944e-09,1.0259526444648943,2.9123595593108336,3.841458820694124
useful,1.0284736528682558e-09,1.0284736528682557,3.731886786602534,3.841458820694124
useful,1.030994661271617e-09,1.030994661271617,4.650581975804493,3.841458820694124
useful,1.0327947319189526e-09,1.0327947319189525,5.3668466543497875,3.841458820694124
useful,1.0335156696749783e-09,1.0335156696749783,5.667734730537542,3.841458820694124
useful,1.0360366780783397e-09,1.0360366780783397,6.78263988139117,3.841458820694124
useful,1.038557686481701e-09,1.038557686481701,7.994597445073253,3.841458820694124
useful,1.0410786948850624e-09,1.0410786948850623,9.30291258386266,3.841458820694124
useful,1.0435997032884238e-09,1.0435997032884237,10.706895565363935,3.841458820694124
useful,1.0461207116917851e-09,1.046120711691785,12.205861722561664,3.841458820694124
useful,1.0486417200951465e-09,1.0486417200951463,13.799131414174948,3.841458820694124
useful,1.0511627284985078e-09,1.0511627284985077,15.48602998530827,3.841458820694124
useful,1.053683736901869e-09,1.053683736901869,17.265887728399683,3.841458820694124
useful,1.0562047453052303e-09,1.0562047453052303,19.138039844463172,3.841458820694124
useful,1.058725753708592e-09,1.058725753708592,21.101826404624838,3.841458820694124
useful,1.05931476351837e-09,1.05931476351837,21.573782029224503,3.841458820694124
useful,1.0612467621119533e-09,1.0612467621119532,23.15659231195018,3.841458820694124
useful,1.0637677705153146e-09,1.0637677705153146,25.30168726356365,3.841458820694124
useful,1.066288778918676e-09,1.066288778918676,27.536465713054934,3.841458820694124
useful,1.0688097873220374e-09,1.0688097873220372,29.860286833174936,3.841458820694124
useful,1.0713307957253987e-09,1.0713307957253986,32.272514478815786,3.841458820694124
useful,1.07385180412876e-09,1.07385180412876,34.772517150276485,3.841458820694124
useful,1.0763728125321212e-09,1.0763728125321212,37.35966795681137,3.841458820694124
useful,1.0788938209354826e-09,1.0788938209354826,40.03334458045946,3.841458820694124
useful,1.081414829338844e-09,1.081414829338844,42.79292924015459,3.841458820694124
useful,1.0839358377422053e-09,1.0839358377422053,45.63780865611179,3.841458820694124
useful,1.0864568461455667e-09,1.0864568461455666,48.56737401449289,3.841458820694124
useful,1.0865157746525374e-09,1.0865157746525373,48.63686054723083,3.841458820694124
useful,1.088977854548928e-09,1.088977854548928,51.58102093234545,3.841458820694124
useful,1.0914988629522894e-09,1.0914988629522893,54.67814942281566,3.841458820694124
useful,1.0940198713556507e-09,1.0940198713556506,57.858163860632715,3.841458820694124
useful,1.096540879759012e-09,1.096540879759012,61.12047294786429,3.841458820694124
useful,1.0990618881623733e-09,1.0990618881623733,64.46448967993994,3.841458820694124
useful,1.1015828965657346e-09,1.1015828965657346,67.88963131194141,3.841458820694124
useful,1.104103904969096e-09,1.104103904969096,71.39531932515898,3.841458820694124
useful,1.1066249133724573e-09,1.1066249133724573,74.98097939391076,3.841458820694124
useful,1.1091459217758187e-09,1.1091459217758186,78.64604135262444,3.841458820694124
useful,1.11166693017918e-09,1.11166693017918,82.38993916317952,3.841458820694124
useful,1.1141879385825414e-09,1.1141879385825413,86.21211088250844,3.841458820694124
useful,1.1144152514667882e-09,1.1144152514667882,86.56057427142683,3.841458820694124
useful,1.1167089469859028e-09,1.1167089469859026,90.11199863045414,3.841458820694124
useful,1.119229955389264e-09,1.119229955389264,94.08904855788411,3.841458820694124
useful,1.1217509637926253e-09,1.1217509637926253,98.14271081505714,3.841458820694124
useful,1.1242719721959867e-09,1.1242719721959866,102.27243952024334,3.841458820694124
useful,1.126792980599348e-09,1.126792980599348,106.4776927285939,3.841458820694124
useful,1.1293139890027094e-09,1.1293139890027093,110.75793240125975,3.841458820694124
useful,1.1318349974060707e-09,1.1318349974060706,115.11262437475813,3.841458820694124
useful,1.134356005809432e-09,1.134356005809432,119.541238330583,3.841458820694124
useful,1.1368770142127935e-09,1.1368770142127933,124.04324776506145,3.841458820694124
useful,1.139398022616155e-09,1.1393980226161549,128.61812995945127,3.841458820694124
useful,1.1419190310195162e-09,1.1419190310195162,133.26536595027696,3.841458820694124
useful,1.1430311291144785e-09,1.1430311291144786,135.3382769286046,3.841458820694124
useful,1.1444400394228775e-09,1.1444400394228775,137.98444049990977,3.841458820694124
useful,1.1469610478262389e-09,1.1469610478262389,142.77484206737938,3.841458820694124
useful,1.1494820562296003e-09,1.1494820562296002,147.63606277942503,3.841458820694124
useful,1.1520030646329616e-09,1.1520030646329615,152.56759840177818,3.841458820694124
useful,1.154524073036323e-09,1.1545240730363229,157.5689483106785,3.841458820694124
useful,1.1570450814396843e-09,1.1570450814396842,162.6396154646208,3.841458820694124
useful,1.1723818032866e-09,1.1723818032865998,194.95251911368769,3.841458820694124
useful,1.2024861420374123e-09,1.2024861420374122,265.3753859424223,3.841458820694124
useful,1.2333634979137747e-09,1.2333634979137746,346.5688348675783,3.841458820694124
useful,1.2650337203959039e-09,1.265033720395904,438.4850318059849,3.841458820694124
useful,1.2975171686575869e-09,1.2975171686575868,541.0666841350968,3.841458820694124
useful,1.3308347246540763e-09,1.3308347246540762,654.2473694985578,3.841458820694124
useful,1.3650078065460139e-09,1.3650078065460138,777.9518597027344,3.841458820694124
useful,1.4000583824680963e-09,1.400058382468096,912.0964392863806,3.841458820694124
useful,1.4360089846512609e-09,1.4360089846512607,1056.5892185984812,3.841458820694124
useful,1.4728827239075019e-09,1.4728827239075017,1211.3304414256015,3.841458820694124
useful,1.5107033044866557e-09,1.5107033044866556,1376.212787369353,3.841458820694124
useful,1.5494950393146318e-09,1.5494950393146316,1551.1216692888788,3.841458820694124
useful,1.5892828656229764e-09,1.5892828656229763,1735.9355261979044,3.841458820694124
useful,1.6300923609797411e-09,1.630092360979741,1930.526112042849,3.841458820694124
useful,1.6719497597319885e-09,1.6719497597319883,2134.7587807956947,3.841458820694124
useful,1.714881969870541e-09,1.7148819698705409,2348.4927682768143,3.841458820694124
useful,1.7589165903277328e-09,1.7589165903277326,2571.581471084207,3.841458820694124
useful,1.804081928719381e-09,1.804081928719381,2803.872722954297,3.841458820694124
useful,1.8504070195423023e-09,1.8504070195423021,3045.2090688173544,3.841458820694124
useful,1.8979216428390996e-09,1.8979216428390995,3295.4280367454794,3.841458820694124
useful,1.946656343342263e-09,1.9466563433422632,3554.3624079249507,3.841458820694124
useful,1.9966424501097935e-09,1.9966424501097935,3821.8404847202064,3.841458820694124
useful,2.0479120966650833e-09,2.0479120966650832,4097.686356838838,3.841458820694124
useful,2.1004982416539157e-09,2.1004982416539155,4381.7201655532945,3.841458820694124
useful,2.154434690031882e-09,2.154434690031882,4673.758365890338,3.841458820694124
useful,2.2097561147959033e-09,2.209756114795903,4973.613986661883,3.841458820694124
useful,2.266498079273693e-09,2.266498079273693,5281.096888179833,3.841458820694124
useful,2.3246970599856453e-09,2.3246970599856454,5596.014017475945,3.841458820694124
useful,2.384390470093721e-09,2.3843904700937206,5918.1696608298935,3.841458820694124
useful,2.4456166834524444e-09,2.445616683452444,6247.365693398221,3.841458820694124
useful,2.5084150592775415e-09,2.5084150592775414,6583.401825730576,3.841458820694124
useful,2.5728259674479325e-09,2.5728259674479323,6926.075846955501,3.841458820694124
useful,2.638890814457508e-09,2.6388908144575076,7275.1838644195095,3.841458820694124
useful,2.7066520700332418e-09,2.7066520700332415,7630.520539563493,3.841458820694124
useful,2.776153294436798e-09,2.776153294436798,7991.879319824852,3.841458820694124
useful,2.8474391664672477e-09,2.8474391664672476,8359.052666358257,3.841458820694124
useful,2.920555512182745e-09,2.920555512182745,8731.832277372023,3.841458820694124
useful,2.9955493343598165e-09,2.9955493343598163,9110.009306884604,3.841458820694124
useful,3.0724688427090037e-09,3.0724688427090037,9493.374578710227,3.841458820694124
useful,3.1513634848664764e-09,3.151363484866476,9881.718795491559,3.841458820694124
useful,3.232283978181381e-09,3.2322839781813806,10274.83274260336,3.841458820694124
useful,3.3152823423194234e-09,3.3152823423194233,10672.507486760716,3.841458820694124
useful,3.4004119327037097e-09,3.4004119327037095,11074.534569175026,3.841458820694124
useful,3.487727474814178e-09,3.4877274748141778,11480.706193110533,3.841458820694124
useful,3.57728509936787e-09,3.5772850993678698,11890.815405707604,3.841458820694124
useful,3.6691423784024945e-09,3.669142378402494,12304.656273950568,3.841458820694124
useful,3.763358362286533e-09,3.7633583622865325,12722.024054672698,3.841458820694124
useful,3.859993617679771e-09,3.859993617679771,13142.715358506573,3.841458820694124
useful,3.959110266468459e-09,3.9591102664684588,13566.528307702525,3.841458820694124
useful,4.060772025700361e-09,4.060772025700361,13993.262687756338,3.841458820694124
useful,4.165044248545186e-09,4.165044248545185,14422.720092802398,3.841458820694124
useful,4.271993966306777e-09,4.271993966306777,14854.704064746178,3.841458820694124
useful,4.3816899315141945e-09,4.381689931514194,15289.020226126433,3.841458820694124
useful,4.494202662119143e-09,4.494202662119142,15725.476406711627,3.841458820694124
useful,4.609604486828429e-09,4.609604486828429,16163.8827638513,3.841458820694124
useful,4.727969591600391e-09,4.727969591600391,16604.05189661426,3.841458820694124
useful,4.8493740673352334e-09,4.8493740673352335,17045.798953757538,3.841458820694124
useful,4.973895958790068e-09,4.9738959587900675,17488.94173557962,3.841458820694124
useful,5.1016153147498344e-09,5.101615314749834,17933.300789717097,3.841458820694124
useful,5.232614239486657e-09,5.232614239486656,18378.699500950985,3.841458820694124
useful,5.366976945540477e-09,5.366976945540476,18824.964175090085,3.841458820694124
useful,5.504789807854968e-09,5.5047898078549675,19271.924117000548,3.841458820694124
useful,5.646141419303673e-09,5.646141419303673,19719.41170285019,3.841458820694124
useful,5.791122647641759e-09,5.7911226476417585,20167.262446632092,3.841458820694124
useful,5.939826693920351e-09,5.939826693920351,20615.315061029945,3.841458820694124
useful,6.092349152400712e-09,6.092349152400711,21063.41151268073,3.841458820694124
useful,6.248788072006888e-09,6.248788072006888,21511.39707188565,3.841458820694124
useful,6.409244019356458e-09,6.409244019356457,21959.120356813997,3.841458820694124
useful,6.573820143409585e-09,6.573820143409585,22406.43337223734,3.841458820694124
useful,6.742622241778336e-09,6.742622241778335,22853.191542827237,3.841458820694124
useful,6.915758828738526e-09,6.915758828738525,23299.2537410424,3.841458820694124
useful,7.09334120498799e-09,7.09334120498799,23744.482309628263,3.841458820694124
useful,7.275483529196233e-09,7.275483529196233,24188.74307874837,3.841458820694124
useful,7.462302891391108e-09,7.462302891391108,24631.90537776429,3.841458820694124
useful,7.65391938823014e-09,7.65391938823014,25073.84204168218,3.841458820694124
useful,7.85045620020451e-09,7.850456200204509,25514.429412284146,3.841458820694124
useful,8.052039670825471e-09,8.05203967082547,25953.547333967046,3.841458820694124
useful,8.258799387844272e-09,8.258799387844272,26391.079144317053,3.841458820694124
useful,8.470868266557403e-09,8.470868266557403,26826.91165945472,3.841458820694124
useful,8.688382635251176e-09,8.688382635251175,27260.935154196697,3.841458820694124
useful,8.911482322840203e-09,8.911482322840202,27693.043337090483,3.841458820694124
useful,9.140310748756223e-09,9.140310748756223,28123.133320392986,3.841458820694124
useful,9.37501501514529e-09,9.375015015145289,28551.105585079902,3.841458820694124
useful,9.615746001432096e-09,9.615746001432095,28976.86394098853,3.841458820694124
useful,9.862658461312831e-09,9.862658461312831,29400.315482217735,3.841458820694124
useful,1.0115911122238298e-08,10.115911122238298,29821.370537926847,3.841458820694124
useful,1.037566678745185e-08,10.375666787451848,30239.942618698224,3.841458820694124
useful,1.0642092440647225e-08,10.642092440647225,30655.948358648562,3.841458820694124
useful,1.0915359353313934e-08,10.915359353313933,31069.307453497273,3.841458820694124
useful,1.1195643194838795e-08,11.195643194838794,31479.94259482128,3.841458820694124
useful,1.1483124145435111e-08,11.483124145435111,31887.779400748583,3.841458820694124
useful,1.1777987011971182e-08,11.777987011971181,32292.746343360915,3.841458820694124
useful,1.2080421346773265e-08,12.080421346773264,32694.774673097425,3.841458820694124
useful,1.2390621569479183e-08,12.390621569479181,33093.79834046666,3.841458820694124
useful,1.2708787092020595e-08,12.708787092020595,33489.75391538908,3.841458820694124
useful,1.303512244681509e-08,13.03512244681509,33882.58050450566,3.841458820694124
useful,1.3369837418249452e-08,13.369837418249451,34272.21966679421,3.841458820694124
useful,1.3713147177539428e-08,13.713147177539428,34658.615327843494,3.841458820694124
useful,1.4065272421052395e-08,14.065272421052393,35041.71369313495,3.841458820694124
useful,1.4426439512181589e-08,14.426439512181588,35421.46316068049,3.841458820694124
useful,1.4796880626863964e-08,14.796880626863963,35797.81423335995,3.841458820694124
useful,1.517683390283404e-08,15.176833902834039,36170.719431290236,3.841458820694124
useful,1.556654359271059e-08,15.56654359271059,36540.133204547164,3.841458820694124
useful,1.5966260221014284e-08,15.966260221014284,36906.01184654326,3.841458820694124
useful,1.637624074521689e-08,16.37624074521689,37268.313408345064,3.841458820694124
useful,1.679674872092653e-08,16.79674872092653,37626.99761419263,3.841458820694124
useful,1.7228054471313922e-08,17.22805447131392,37982.02577845714,3.841458820694124
useful,1.7670435260889432e-08,17.67043526088943,38333.36072424855,3.841458820694124
useful,1.8124175473742394e-08,18.124175473742394,38680.966703857164,3.841458820694124
useful,1.8589566796356885e-08,18.589566796356884,39024.80932118494,3.841458820694124
useful,1.906690840512252e-08,19.06690840512252,39364.855456296566,3.841458820694124
useful,1.955650715865947e-08,19.55650715865947,39701.07319219159,3.841458820694124
useful,2.00586777950823e-08,20.0586777950823,40033.4317438762,3.841458820694124
useful,2.0573743134329162e-08,20.57374313432916,40361.90138978906,3.841458820694124
useful,2.110203428568597e-08,21.102034285685967,40686.45340561632,3.841458820694124
useful,2.1643890860640207e-08,21.643890860640205,41007.060000514844,3.841458820694124
useful,2.2199661191199524e-08,22.199661191199525,41323.694255749324,3.841458820694124
useful,2.2769702553816755e-08,22.769702553816753,41636.33006574219,3.841458820694124
useful,2.3354381399064817e-08,23.354381399064817,41944.94208153203,3.841458820694124
useful,2.3954073587208794e-08,23.954073587208793,42249.50565663873,3.841458820694124
useful,2.4569164629827904e-08,24.569164629827903,42549.996795342886,3.841458820694124
useful,2.5200049937640895e-08,25.200049937640895,42846.3921034005,3.841458820694124
useful,2.5847135074695587e-08,25.847135074695586,43138.6687412358,3.841458820694124
useful,2.6510836019085418e-08,26.510836019085417,43426.80437968228,3.841458820694124
useful,2.719157943036019e-08,27.19157943036019,43710.77715837485,3.841458820694124
useful,2.7889802923804397e-08,27.889802923804396,43990.56564693732,3.841458820694124
useful,2.860595535175739e-08,28.60595535175739,44266.14880915293,3.841458820694124
useful,2.9340497092157813e-08,29.34049709215781,44537.505970358514,3.841458820694124
useful,3.0093900344497246e-08,30.093900344497243,44804.61678835722,3.841458820694124
useful,3.0866649433372746e-08,30.866649433372746,45067.46122820368,3.841458820694124
useful,3.1659241119835204e-08,31.659241119835205,45326.01954127793,3.841458820694124
useful,3.247218492073125e-08,32.47218492073125,45580.272249125126,3.841458820694124
useful,3.330600343624582e-08,33.30600343624582,45830.20013260109,3.841458820694124
useful,3.416123268585532e-08,34.16123268585532,46075.78422692101,3.841458820694124
useful,3.503842245290676e-08,35.03842245290676,46317.00582326257,3.841458820694124
useful,3.593813663804626e-08,35.93813663804626,46553.84647762055,3.841458820694124
useful,3.6860953621721545e-08,36.86095362172154,46786.28802764393,3.841458820694124
useful,3.7807466635993417e-08,37.807466635993414,47014.31261821005,3.841458820694124
useful,3.877828414589461e-08,38.77828414589461,47237.90273649509,3.841458820694124
useful,3.977403024058037e-08,39.774030240580366,47457.04125728803,3.841458820694124
useful,4.079534503452449e-08,40.79534503452449,47671.711499261604,3.841458820694124
useful,4.184288507901576e-08,41.84288507901576,47881.897292856425,3.841458820694124
useful,4.291732378422149e-08,42.91732378422149,48087.583060353856,3.841458820694124
useful,4.401935185208879e-08,44.01935185208879,48288.753908606435,3.841458820694124
useful,4.514967772036102e-08,45.14967772036102,48485.39573476288,3.841458820694124
useful,4.6309028017997376e-08,46.30902801799737,48677.4953451697,3.841458820694124
useful,4.749814803228495e-08,47.49814803228495,48865.04058745237,3.841458820694124
useful,4.871780218794622e-08,48.71780218794621,49048.02049558301,3.841458820694124
useful,4.99687745385489e-08,49.96877453854889,49226.42544752843,3.841458820694124
useful,5.125186927053333e-08,51.25186927053333,49400.247334849126,3.841458820694124
useful,5.2567911220184196e-08,52.56791122018419,49569.479743391865,3.841458820694124
useful,5.391774640387495e-08,53.91774640387494,49734.118143989326,3.841458820694124
useful,5.5302242561929114e-08,55.30224256192911,49894.16009185877,3.841458820694124
useful,5.67222897164455e-08,56.722289716445495,50049.60543318139,3.841458820694124
useful,5.817880074344935e-08,58.17880074344935,50200.45651715106,3.841458820694124
useful,5.967271195973311e-08,59.67271195973311,50346.718411610076,3.841458820694124
useful,6.120498372476691e-08,61.204983724766905,50488.399120243696,3.841458820694124
useful,6.277660105806513e-08,62.776601058065125,50625.50979918873,3.841458820694124
useful,6.438857427240426e-08,64.38857427240426,50758.06497082297,3.841458820694124
useful,6.604193962330306e-08,66.04193962330305,50886.0827324453,3.841458820694124
useful,6.773775997517746e-08,67.73775997517745,51009.58495752669,3.841458820694124
useful,6.947712548460226e-08,69.47712548460225,51128.59748721186,3.841458820694124
useful,7.12611543011176e-08,71.2611543011176,51243.150309773155,3.841458820694124
useful,7.30909932860292e-08,73.09099328602919,51353.27772576325,3.841458820694124
useful,7.496781874966877e-08,74.96781874966877,51459.01849667558,3.841458820694124
useful,7.689283720758306e-08,76.89283720758306,51560.41597499843,3.841458820694124
useful,7.886728615614141e-08,78.8672861561414,51657.518213638694,3.841458820694124
useful,8.089243486805955e-08,80.89243486805955,51750.378052791704,3.841458820694124
useful,8.296958520834915e-08,82.96958520834914,51839.05318244272,3.841458820694124
useful,8.510007247122247e-08,85.10007247122246,51923.60617880583,3.841458820694124
useful,8.72852662384837e-08,87.2852662384837,52004.1045131356,3.841458820694124
useful,8.952657125996383e-08,89.52657125996383,52080.62053149122,3.841458820694124
useful,9.182542835656301e-08,91.82542835656301,52153.231404192025,3.841458820694124
useful,9.41833153464796e-08,94.1833153464796,52222.01904388422,3.841458820694124
useful,9.660174799522647e-08,96.60174799522646,52287.0699913426,3.841458820694124
useful,9.908228099003787e-08,99.08228099003787,52348.47526836394,3.841458820694124
useful,1.0162650893929932e-07,101.62650893929931,52406.33019737336,3.841458820694124
useful,1.0423606739764033e-07,104.23606739764033,52460.734187663445,3.841458820694124
useful,1.0691263391734772e-07,106.91263391734772,52511.7904885205,3.841458820694124
useful,1.0965792912678099e-07,109.65792912678099,52559.60590986138,3.841458820694124
useful,1.1247371783647508e-07,112.47371783647507,52604.29051140651,3.841458820694124
useful,1.1536181017364761e-07,115.36181017364761,52645.95726184459,3.841458820694124
useful,1.1832406274583806e-07,118.32406274583805,52684.72166989667,3.841458820694124
useful,1.2136237983442417e-07,121.36237983442417,52720.701389651156,3.841458820694124
useful,1.2447871461879064e-07,124.47871461879062,52754.01580300926,3.841458820694124
useful,1.2767507043192645e-07,127.67507043192644,52784.78558253635,3.841458820694124
useful,1.3095350204826652e-07,130.9535020482665,52813.13223845002,3.841458820694124
useful,1.3431611700460182e-07,134.3161170046018,52839.17765387198,3.841458820694124
useful,1.377650769549055e-07,137.7650769549055,52863.043612818336,3.841458820694124
useful,1.4130259905995337e-07,141.30259905995337,52884.85132568524,3.841458820694124
useful,1.4493095741262153e-07,144.93095741262152,52904.72095719302,3.841458820694124
useful,1.4865248449978542e-07,148.6524844997854,52922.77116187277,3.841458820694124
useful,1.5246957270175764e-07,152.4695727017576,52939.11863220428,3.841458820694124
useful,1.563846758302248e-07,156.38467583022478,52953.877664439824,3.841458820694124
useful,1.60400310705682e-07,160.400310705682,52967.15974697173,3.841458820694124
useful,1.645190587753661e-07,164.5190587753661,52979.07317582272,3.841458820694124
useful,1.6874356777273724e-07,168.74356777273724,52989.722701462335,3.841458820694124
useful,1.730765534195728e-07,173.07655341957278,52999.2092106863,3.841458820694124
useful,1.775208011717636e-07,177.5208011717636,53007.629446748986,3.841458820694124
useful,1.8207916800994626e-07,182.07916800994624,53015.07577032524,3.841458820694124
useful,1.8675458427610742e-07,186.7545842761074,53021.63596321146,3.841458820694124
useful,1.9155005555735242e-07,191.5500555573524,53027.393075973145,3.841458820694124
useful,1.9646866461804488e-07,196.46866461804487,53032.42532002535,3.841458820694124
useful,2.0151357338155586e-07,201.51357338155586,53036.80600391185,3.841458820694124
useful,2.066880249629082e-07,206.6880249629082,53040.603512845,3.841458820694124
useful,2.119953457536069e-07,211.9953457536069,53043.88132990007,3.841458820694124
useful,2.1743894756000759e-07,217.43894756000756,53046.698096640066,3.841458820694124
useful,2.230223297965941e-07,223.02232979659408,53049.107710393895,3.841458820694124
useful,2.287490817355704e-07,228.7490817355704,53051.15945493455,3.841458820694124
useful,2.3462288481422625e-07,234.62288481422624,53052.89816091331,3.841458820694124
useful,2.406475150015422e-07,240.64751500154216,53054.36439210869,3.841458820694124
useful,2.468268452255688e-07,246.82684522556875,53055.5946533467,3.841458820694124
useful,2.531648478631358e-07,253.1648478631358,53056.62161584525,3.841458820694124
useful,2.5966559729348724e-07,259.6655972934872,53057.47435572581,3.841458820694124
useful,2.663332725174981e-07,266.3332725174981,53058.17860151709,3.841458820694124
useful,2.7317215984413737e-07,273.17215984413735,53058.75698663963,3.841458820694124
useful,2.8018665564591896e-07,280.18665564591896,53059.22930309996,3.841458820694124
useful,2.8738126918510695e-07,287.38126918510693,53059.6127529245,3.841458820694124
useful,2.947606255124859e-07,294.7606255124859,53059.92219421828,3.841458820694124
useful,3.0232946844057763e-07,302.3294684405776,53060.17037912514,3.841458820694124
useful,3.100926635931924e-07,310.09266359319236,53060.36818138449,3.841458820694124
useful,3.1805520153329135e-07,318.0552015332913,53060.52481160966,3.841458820694124
useful,3.262222009711673e-07,326.2222009711673,53060.648018842956,3.841458820694124
useful,3.345989120549975e-07,334.59891205499747,53060.74427736068,3.841458820694124
useful,3.431907197459043e-07,343.1907197459043,53060.81895809802,3.841458820694124
useful,3.520031472796676e-07,352.00314727966753,53060.87648442938,3.841458820694124
useful,3.61041859717333e-07,361.041859717333,53060.92047236836,3.841458820694124
useful,3.703126675869931e-07,370.3126675869931,53060.95385553734,3.841458820694124
useful,3.7982153061907363e-07,379.8215306190736,53060.97899549729,3.841458820694124
useful,3.8957456157755014e-07,389.5745615775501,53060.99777822182,3.841458820694124
useful,3.9957803018952657e-07,399.57803018952654,53061.01169764675,3.841458820694124
useful,4.098383671757253e-07,409.8383671757253,53061.02192732894,3.841458820694124
useful,4.2036216838447187e-07,420.36216838447183,53061.029381309636,3.841458820694124
useful,4.3115619903182285e-07,431.15619903182284,53061.03476530172,3.841458820694124
useful,4.422273980505898e-07,442.2273980505897,53061.03861931228,3.841458820694124
useful,4.5358288255101816e-07,453.58288255101814,53061.04135277743,3.841458820694124
useful,4.65229952396018e-07,465.22995239601795,53061.043273229974,3.841458820694124
useful,4.771760948938751e-07,477.1760948938751,53061.044609448945,3.841458820694124
useful,4.894289896114532e-07,489.4289896114532,53061.04552995707,3.841458820694124
useful,5.019965133110079e-07,501.9965133110079,53061.04615764346,3.841458820694124
useful,5.148867450137487e-07,514.8867450137487,53061.046581197865,3.841458820694124
useful,5.28107971193432e-07,528.107971193432,53061.046863953,3.841458820694124
useful,5.416686911033158e-07,541.6686911033157,53061.04705064557,3.841458820694124
useful,5.555776222398878e-07,555.5776222398878,53061.047172526625,3.841458820694124
useful,5.698437059469137e-07,569.8437059469136,53061.047251179065,3.841458820694124
useful,5.844761131633626e-07,584.4761131633626,53061.04730133542,3.841458820694124
useful,5.994842503189422e-07,599.4842503189421,53061.04733293239,3.841458820694124
useful,6.14877765381003e-07,614.877765381003,53061.047352590176,3.841458820694124
useful,6.306665540567406e-07,630.6665540567406,53061.04736466428,3.841458820694124
useful,6.468607661546321e-07,646.8607661546321,53061.04737198346,3.841458820694124
useful,6.634708121092338e-07,663.4708121092337,53061.047376360824,3.841458820694124
useful,6.805073696735221e-07,680.507369673522,53061.0473789428,3.841458820694124
useful,6.979813907830667e-07,697.9813907830667,53061.047380444325,3.841458820694124
useful,7.159041085964889e-07,715.9041085964889,53061.04738130491,3.841458820694124
useful,7.342870447166759e-07,734.2870447166758,53061.047381790835,3.841458820694124
useful,7.531420165974361e-07,753.142016597436,53061.047382061035,3.841458820694124
useful,7.724811451403416e-07,772.4811451403416,53061.047382208955,3.841458820694124
useful,7.923168624866262e-07,792.3168624866262,53061.04738228863,3.841458820694124
useful,8.126619200091945e-07,812.6619200091945,53061.04738233084,3.841458820694124
useful,8.335293965098188e-07,833.5293965098188,53061.04738235284,3.841458820694124
useful,8.549327066268368e-07,854.9327066268368,53061.0473823641,3.841458820694124
useful,8.768856094587445e-07,876.8856094587444,53061.047382369754,3.841458820694124
useful,8.994022174092054e-07,899.4022174092054,53061.047382372555,3.841458820694124
useful,9.224970052592175e-07,922.4970052592174,53061.0473823739,3.841458820694124
useful,9.461848194721993e-07,946.1848194721993,53061.047382374556,3.841458820694124
useful,9.704808877380288e-07,970.4808877380286,53061.047382374854,3.841458820694124
useful,9.95400828762154e-07,995.4008287621539,53061.047382374985,3.841458820694124
useful,1.0209606623060477e-06,1020.9606623060475,53061.04738237505,3.841458820694124
useful,1.0471768194855203e-06,1047.1768194855204,53061.04738237508,3.841458820694124
useful,1.0740661533334324e-06,1074.0661533334323,53061.047382375094,3.841458820694124
useful,1.1016459496336549e-06,1101.6459496336547,53061.047382375094,3.841458820694124
useful,1.129933938033224e-06,1129.933938033224,53061.047382375094,3.841458820694124
useful,1.158948303439812e-06,1158.9483034398118,53061.047382375094,3.841458820694124
useful,1.1887076977119035e-06,1188.7076977119034,53061.047382375094,3.841458820694124
useful,1.2192312516491096e-06,1219.2312516491095,53061.047382375094,3.841458820694124
useful,1.2505385872903888e-06,1250.5385872903887,53061.047382375094,3.841458820694124
useful,1.2826498305280625e-06,1282.6498305280625,53061.047382375094,3.841458820694124
useful,1.3155856240457052e-06,1315.5856240457051,53061.047382375094,3.841458820694124
useful,1.3493671405883065e-06,1349.3671405883065,53061.047382375094,3.841458820694124
useful,1.3840160965731302e-06,1384.0160965731302,53061.047382375094,3.841458820694124
useful,1.4195547660500986e-06,1419.5547660500986,53061.047382375094,3.841458820694124
useful,1.4560059950206515e-06,1456.0059950206514,53061.047382375094,3.841458820694124
useful,1.4933932161242533e-06,1493.3932161242533,53061.047382375094,3.841458820694124
useful,1.5317404637020798e-06,1531.7404637020798,53061.047382375094,3.841458820694124
useful,1.571072389247449e-06,1571.0723892474489,53061.047382375094,3.841458820694124
useful,1.6114142772530165e-06,1611.4142772530165,53061.047382375094,3.841458820694124
useful,1.6527920614648972e-06,1652.7920614648972,53061.047382375094,3.841458820694124
useful,1.6952323415541215e-06,1695.2323415541214,53061.047382375094,3.841458820694124
useful,1.7387624002162504e-06,1738.7624002162504,53061.047382375094,3.841458820694124
useful,1.7834102207100065e-06,1783.4102207100063,53061.047382375094,3.841458820694124
useful,1.8292045048462901e-06,1829.20450484629,53061.047382375094,3.841458820694124
useful,1.8761746914391234e-06,1876.1746914391233,53061.047382375094,3.841458820694124
useful,1.9243509752303323e-06,1924.3509752303323,53061.047382375094,3.841458820694124
useful,1.9737643263002554e-06,1973.7643263002553,53061.047382375094,3.841458820694124
useful,2.024446509976802e-06,2024.4465099768017,53061.047382375094,3.841458820694124
useful,2.0764301072557707e-06,2076.4301072557705,53061.047382375094,3.841458820694124
useful,2.1297485357455238e-06,2129.7485357455234,53061.047382375094,3.841458820694124
useful,2.1844360711494283e-06,2184.4360711494282,53061.047382375094,3.841458820694124
useful,2.2405278693000184e-06,2240.527869300018,53061.047382375094,3.841458820694124
useful,2.298059988758849e-06,2298.0599887588487,53061.047382375094,3.841458820694124
useful,2.3570694139967233e-06,2357.069413996723,53061.047382375094,3.841458820694124
useful,2.4175940791691336e-06,2417.5940791691332,53061.047382375094,3.841458820694124
useful,2.4796728925021606e-06,2479.6728925021603,53061.047382375094,3.841458820694124
useful,2.5433457613046483e-06,2543.345761304648,53061.047382375094,3.841458820694124
useful,2.6086536176225454e-06,2608.6536176225454,53061.047382375094,3.841458820694124
useful,2.67563844455204e-06,2675.63844455204,53061.047382375094,3.841458820694124
useful,2.7443433032283683e-06,2744.3433032283683,53061.047382375094,3.841458820694124
useful,2.814812360507581e-06,2814.812360507581,53061.047382375094,3.841458820694124
useful,2.8870909173592346e-06,2887.0909173592345,53061.047382375094,3.841458820694124
useful,2.9612254379880317e-06,2961.2254379880314,53061.047382375094,3.841458820694124
useful,3.0372635797033057e-06,3037.2635797033054,53061.047382375094,3.841458820694124
useful,3.115254223555491e-06,3115.254223555491,53061.047382375094,3.841458820694124
useful,3.195247505759214e-06,3195.2475057592137,53061.047382375094,3.841458820694124
useful,3.277294849923382e-06,3277.294849923382,53061.047382375094,3.841458820694124
useful,3.3614490001087616e-06,3361.4490001087615,53061.047382375094,3.841458820694124
useful,3.4477640547344573e-06,3447.764054734457,53061.047382375094,3.841458820694124
useful,3.5362955013550466e-06,3536.2955013550463,53061.047382375094,3.841458820694124
useful,3.6271002523306487e-06,3627.1002523306483,53061.047382375094,3.841458820694124
useful,3.720236681413066e-06,3720.236681413066,53061.047382375094,3.841458820694124
useful,3.815764661271245e-06,3815.7646612712447,53061.047382375094,3.841458820694124
useful,3.913745601980376e-06,3913.745601980376,53061.047382375094,3.841458820694124
useful,4.014242490499326e-06,4014.242490499326,53061.047382375094,3.841458820694124
useful,4.117319931161679e-06,4117.319931161679,53061.047382375094,3.841458820694124
useful,4.223044187206672e-06,4223.044187206672,53061.047382375094,3.841458820694124
useful,4.331483223376394e-06,4331.483223376394,53061.047382375094,3.841458820694124
useful,4.442706749606874e-06,4442.706749606874,53061.047382375094,3.841458820694124
useful,4.556786265841069e-06,4556.786265841069,53061.047382375094,3.841458820694124
useful,4.673795107992464e-06,4673.795107992463,53061.047382375094,3.841458820694124
useful,4.793808495089108e-06,4793.808495089107,53061.047382375094,3.841458820694124
useful,4.916903577628022e-06,4916.903577628022,53061.047382375094,3.841458820694124
useful,5.043159487171349e-06,5043.159487171349,53061.047382375094,3.841458820694124
useful,5.172657387216025e-06,5172.657387216024,53061.047382375094,3.841458820694124
useful,5.305480525369575e-06,5305.480525369574,53061.047382375094,3.841458820694124
useful,5.441714286865888e-06,5441.7142868658875,53061.047382375094,3.841458820694124
useful,5.581446249454956e-06,5581.446249454955,53061.047382375094,3.841458820694124
useful,5.724766239702167e-06,5724.766239702167,53061.047382375094,3.841458820694124
useful,5.871766390733262e-06,5871.766390733262,53061.047382375094,3.841458820694124
useful,6.022541201461928e-06,6022.541201461928,53061.047382375094,3.841458820694124
useful,6.177187597338489e-06,6177.187597338489,53061.047382375094,3.841458820694124
useful,6.335804992658242e-06,6335.804992658242,53061.047382375094,3.841458820694124
useful,6.498495354469902e-06,6498.495354469902,53061.047382375094,3.841458820694124
useful,6.66536326812492e-06,6665.36326812492,53061.047382375094,3.841458820694124
useful,6.836516004510239e-06,6836.516004510238,53061.047382375094,3.841458820694124
useful,7.012063589007178e-06,7012.063589007177,53061.047382375094,3.841458820694124
useful,7.192118872221179e-06,7192.118872221178,53061.047382375094,3.841458820694124
useful,7.376797602527746e-06,7376.797602527746,53061.047382375094,3.841458820694124
useful,7.566218500481063e-06,7566.218500481063,53061.047382375094,3.841458820694124
useful,7.760503335133572e-06,7760.503335133571,53061.047382375094,3.841458820694124
useful,7.959777002314978e-06,7959.777002314978,53061.047382375094,3.841458820694124
useful,8.164167604921456e-06,8164.167604921456,53061.047382375094,3.841458820694124
useful,8.373806535266507e-06,8373.806535266507,53061.047382375094,3.841458820694124
useful,8.58882855954626e-06,8588.828559546258,53061.047382375094,3.841458820694124
useful,8.80937190447399e-06,8809.37190447399,53061.047382375094,3.841458820694124
useful,9.035578346138921e-06,9035.57834613892,53061.047382375094,3.841458820694124
useful,9.267593301146866e-06,9267.593301146864,53061.047382375094,3.841458820694124
useful,9.505565920101211e-06,9505.565920101211,53061.047382375094,3.841458820694124
useful,9.749649183484097e-06,9749.649183484096,53061.047382375094,3.841458820694124
useful,1e-05,10000.0,53061.047382375094,3.841458820694124
